theme,video_id,kargin_id,title,duplicate_of,strength,where,evidence,include
cards,NmY28R9g89E,068,Kargin Haghordum sketch 633 (Hayko Mko),,strong,text.summary_detailed_en,"e will come and go as he pleases, play cards, and go fishing whenever he wants",
cards,YhChvEsI1-Y,022,Kargin Haghordum - Jaga Juga (Hayko Mko),,strong,text.summary_en,Four men playing cards in a courtyard decide to invent a,y
cards,e_e7eL99pBU,073,Kargin Haghordum sketch 669 (Hayko Mko),,strong,text.summary_en,A group of men play a high-stakes card game in a living room until the host r,y
cards,iPCRAW_Jecc,389,Kargin Haghordum - Qyartush (Hayko Mko),,strong,text.summary_en,es the opportunity to escape to a card game with friends.,
cards,qjkWGYnwMbw,070,Kargin Haghordum sketch 635 (Hayko Mko),,strong,visual.key_props,"books, playing cards, red scarf",
cards,rh2-lZwbQ9s,233,Kargin Haghordum sketch 315 (Hayko Mko),,strong,text.summary_en,"ble their medical treatments on a card game, leading to an absurd medical che",y
cards,vDjc8pWoNnw,683,Kargin Haghordum sketch 263 (Hayko Mko),,strong,text.summary_detailed_en,"band Karo's name. As she lays out playing cards, Manushak describes the husband's",
cards,3UZOwmPovQ4,275,Kargin Haghordum sketch 228 (Hayko Mko),,weak,visual.visual_synopsis,hite marshrutkas plus men playing backgammon under willow trees; and finally a,
cards,4qxINXiM5J8,339,Kargin Haghordum sketch 506 (Hayko Mko),,weak,visual.visual_synopsis,"h, a music video and a blue title card. In the last minute the old man l",
cards,4vgmCuZn_Ok,244,Kargin Haghordum sketch 347 (Hayko Mko),,weak,text.title_en,Casino Luck and Bra Sizes,
cards,6038Y198Rxg,626,Kargin Haghordum sketch 548 (Hayko Mko),,weak,text.summary_en,"Two elderly men play backgammon and brag about their outings, lea",
cards,8t7hzpg0dlg,172,Kargin Haghordum sketch 216 (Hayko Mko),,weak,visual.key_props,"id card, police uniform, map of armenia",
cards,DDKIuEPoY5Y,300,Kargin Haghordum sketch 461 (Hayko Mko),,weak,text.summary_detailed_en,floral blouse about his nephew's gambling debts and how he used his auth,
cards,Ek4ZeurlKjw,106,Kargin Haghordum sketch 647 (Hayko Mko),,weak,text.summary_detailed_en,The sketch opens with a title card reading 'Orlean FRANCE 1432' agai,
cards,Fyc5VWnAMog,241,Kargin Haghordum - Brnabarum hetenq berum (Hayko Mko),,weak,visual.visual_synopsis,n animated apartment-block advert card and a white studio bumper. Segmen,
cards,GUYB2fDpe9Q,085,Kargin Haghordum sketch 657 (Hayko Mko),,weak,text.summary_detailed_en,"York City skyscrapers and a title card to set a high-stakes, internation",
cards,IvbvzjzEYmM,491,Kargin Haghordum sketch 119 (Hayko Mko),https://www.youtube.com/watch?v=fRoXRjGUAMI&list=PLDDuEZQEC_uDcYhabzxMCFCs3vGGSGVX4&index=198&t=0s,weak,text.summary_detailed_en,her near parked marshrutkas and a backgammon table. A driver named Lendrush re,
cards,JFAzFdOamDA,127,Kargin Haghordum sketch 682 (Hayko Mko),,weak,text.title_en,Casino and Boxing Stop,
cards,KcBfrqmfrAE,430,Kargin Haghordum - Afganistan (Hayko Mko),,weak,text.summary_detailed_en,"ng the day, identified by a title card as Afghanistan. A man, Mustafa, d",
cards,NUyAGOvCJFQ,101,Kargin Haghordum sketch 642 (Hayko Mko),,weak,visual.visual_synopsis,ish costume (a 1914 England title card opens the sketch) sit at a candle,
cards,OInkgOVGUy4,029,Kargin Haghordum sketch 336 (Hayko Mko),,weak,text.summary_en,"help of an assistant holding cue cards, only to be interrupted by a man",
cards,QLRXsgR_mCI,102,Kargin Haghordum sketch 643 (Hayko Mko),,weak,text.summary_detailed_en,"pends money on alcohol, women, or gambling. The beggar insists he has no",
cards,QMH1oz2EoVg,638,Kargin Haghordum sketch 581 (Hayko Mko),,weak,visual.key_props,"phone, lab coat, flat cap, title card",
cards,VFajwBRJxc4,328,Kargin Haghordum sketch 290 (Hayko Mko),,weak,text.summary_en,helped his client win at golf and gambling.,
cards,gX0BVfHJxe8,010,Kargin Haghordum sketch 298 (Hayko Mko),,weak,text.summary_detailed_en,dentifiable by a desk calendar or card and an Armenian flag on the desk.,
cards,iZWWe6T5hFI,455,Kargin Haghordum sketch 080 (Hayko Mko),,weak,visual.visual_synopsis,"ng bits between a recurring title card, while a colorfully dressed clown",
cards,keoWCJkrdqs,559,Kargin Haghordum sketch 192 (Hayko Mko),,weak,visual.key_props,"cognac glass, cigar, business card, gas station sign, towel turban",
cards,rYQuEejjL50,045,Kargin Haghordum sketch 610 (Hayko Mko),,weak,text.summary_detailed_en,ed WWII because he got two yellow cards in WWI. The teacher then introduc,
cards,tAuhRHjW7VA,089,Kargin Haghordum sketch 653 (Hayko Mko),,weak,text.summary_detailed_en,"r aggressively demands a 'plastic card,' which he mispronounces as 'last",
cards,vbsC8iAwZE4,435,Kargin Haghordum - Deputatner (Hayko Mko),,weak,text.keywords_en,"ional Assembly, price hike, bill, casino, morgue, political satire, corrup",
cards,zO1m7yd-HEQ,340,Kargin Haghordum sketch 507 (Hayko Mko),,weak,visual.visual_synopsis,"aughing, and looking over a small card or menu together.",
cards,zSpHDA3CpKw,660,Kargin Haghordum sketch 223 (Hayko Mko),,weak,text.summary_detailed_en,"Vivaro (a betting company). Using gambling terminology, Mihran delivers t",
doctor,-KoZV7oGH3A,359,Kargin Haghordum sketch 458 (Hayko Mko),,strong,text.summary_detailed_en,The sketch is set in a medical clinic office where a doctor asks a nurs,y
doctor,-VwDzvytdbc,298,Kargin Haghordum sketch 417 (Hayko Mko),,strong,text.summary_detailed_en,The sketch begins in a hospital hallway where a doctor arrives la,y
doctor,088OKSJV3QE,534,Kargin Haghordum sketch 168 (Hayko Mko),,strong,text.title_en,Hospital Waiting Room and the Carpenter,y
doctor,0iKAm_aZ7Og,489,Kargin Haghordum sketch 117 (Hayko Mko),https://www.youtube.com/watch?v=kKDydl5jRAY&list=PLC4FFB3F0AFB8146C&index=168&t=0s,strong,text.summary_en,"A patient in a psychiatric hospital is convinced he is a corpse, lead",
doctor,1e06wVK_It0,201,Kargin Haghordum sketch 538 (Hayko Mko),,strong,text.summary_detailed_en,The sketch takes place in a hospital office where a mustached man in a,y
doctor,3UZOwmPovQ4,275,Kargin Haghordum sketch 228 (Hayko Mko),,strong,text.summary_detailed_en,"al distinct sketches. First, in a hospital ward, a patient insists to his do",
doctor,3Uod7MNtIok,118,Kargin Haghordum sketch 691 (Hayko Mko),,strong,text.summary_detailed_en,The sketch begins in a clinic office where a doctor and a colle,y
doctor,4fWY133vYDs,547,Kargin Haghordum sketch 179 (Hayko Mko),,strong,text.keywords_en,"psychiatric hospital, doctor, asylum, presidential ele",y
doctor,72TIBrWCc_s,139,Kargin Haghordum sketch 375 (Hayko Mko),,strong,text.keywords_en,"doctor, hospital, sexopathologist, urologist, medi",y
doctor,8U7grHLj-uY,565,Kargin Haghordum sketch 200 (Hayko Mko),,strong,text.summary_en,A busy surgeon suggests an unconventional 'intim,y
doctor,8XgcIFcc0TI,531,Kargin Haghordum sketch 165 (Hayko Mko),,strong,text.summary_detailed_en,see the new female doctor at the clinic. The pharmacist explains that the,
doctor,97eKFmfo81M,083,Kargin Haghordum sketch 659 (Hayko Mko),,strong,text.summary_detailed_en,The sketch takes place in a hospital corridor where a surgeon and hosp,y
doctor,AXFZ8ymj--w,379,Kargin Haghordum sketch 142 (Hayko Mko),,strong,text.summary_detailed_en,"b; second, she slept with a chief surgeon to secure a life-saving surgery f",
doctor,BpMQ8COre60,584,Kargin Haghordum sketch 435 (Hayko Mko),,strong,text.summary_en,"iends gather around a dying man's hospital bed, only for his 'last words' to",y
doctor,Ehr0llqH58A,316,Kargin Haghordum sketch 477 (Hayko Mko),,strong,text.summary_en,A psychiatrist tests three mental hospital patients to see if their treatmen,y
doctor,HEcSGn_soZw,213,Kargin Haghordum sketch 393 (Hayko Mko),,strong,text.summary_detailed_en,The sketch takes place in a clinic consulting room where a young doc,y
doctor,IfCuuiv9drk,126,Kargin Haghordum sketch 683 (Hayko Mko),,strong,text.summary_detailed_en,The sketch takes place in a hospital setting where a family is anxious,y
doctor,JfDA604ztNw,647,Kargin Haghordum sketch 590 (Hayko Mko),,strong,text.summary_detailed_en,"Set in a desaturated hospital corridor, the sketch begins with",y
doctor,K_kuz43dZJc,388,Kargin Haghordum - T@riq (Hayko Mko),,strong,text.summary_detailed_en,an in the vest recommends a 'good surgeon' who was also a fellow 'Avgan' (A,
doctor,KksQ0IcHiuk,182,Kargin Haghordum sketch 362 (Hayko Mko),,strong,text.summary_en,"d friends wait by a wealthy man's hospital bed, but the hospital's phone ser",y
doctor,L3CiQABljX8,277,Kargin Haghordum sketch 230 (Hayko Mko),,strong,text.title_en,"Hospital, Pot, and Red Riding Hood",
doctor,LYmYokgBBx4,036,Kargin Haghordum sketch 601 (Hayko Mko),,strong,text.summary_detailed_en,med Samson has been rushed to the hospital and they need to reach his doctor,
doctor,NUyAGOvCJFQ,101,Kargin Haghordum sketch 642 (Hayko Mko),,strong,text.summary_detailed_en,"she is being discharged from the hospital, he instructs Barrymore to cut of",
doctor,O6bcr3JS9tY,558,Kargin Haghordum sketch 190 (Hayko Mko),,strong,text.summary_en,A friend visits Gago in the hospital after surgery to deliver the 'goo,y
doctor,R37WlCTJ_CI,310,Kargin Haghordum sketch 471 (Hayko Mko),,strong,text.keywords_en,"al, casket, television, mourning, dentist, black cake, Kargin Haghordum",
doctor,RO0ws8Io19M,149,Kargin Haghordum sketch 523 (Hayko Mko),,strong,text.summary_detailed_en,"e sketch takes place in a medical clinic examination room, where a doctor",y
doctor,SlLwcM9y00w,535,Kargin Haghordum sketch 169 (Hayko Mko),,strong,text.title_en,The Mechanic and the Heart Surgeon,
doctor,T9eF1pzS0Gw,580,Kargin Haghordum sketch 431 (Hayko Mko),,strong,text.title_en,The Two-Headed Baby and the Hospital,y
doctor,TaKlYeV6i8c,628,Kargin Haghordum sketch 550 (Hayko Mko),,strong,text.title_en,The Classmate Dentist,y
doctor,UKLBaltVKKc,356,Kargin Haghordum sketch 455 (Hayko Mko),,strong,text.keywords_en,"hospital, doctor, mother, bad news, misund",
doctor,VU8zjC3tRtk,296,Kargin Haghordum sketch 415 (Hayko Mko),,strong,text.summary_detailed_en,"sterile white room, presumably a clinic. A doctor, dressed in blue surgic",y
doctor,WHkadKCrhqQ,064,Kargin Haghordum sketch 629 (Hayko Mko),,strong,text.summary_detailed_en,"in a desaturated, black-and-white hospital environment. A goateed doctor and",y
doctor,XVCfkSZnTLE,649,Kargin Haghordum sketch 592 (Hayko Mko),,strong,visual.visual_synopsis,"bespectacled man, first seen in a hospital gown being interviewed, is shown",y
doctor,Xk6LJCfLsSU,315,Kargin Haghordum sketch 476 (Hayko Mko),,strong,text.title_en,Psychiatric Hospital Checkup,y
doctor,XrCXyZfs3qE,516,Kargin Haghordum sketch 150 (Hayko Mko),,strong,text.summary_detailed_en,The sketch takes place in a clinic consulting room where a bespectac,y
doctor,YPieQWuJJFg,383,Kargin Haghordum sketch 147 (Hayko Mko),,strong,text.summary_detailed_en,f right in front of a psychiatric hospital (asylum). He is seen frantically,
doctor,YoGuj76WvJI,640,Kargin Haghordum sketch 583 (Hayko Mko),https://www.youtube.com/watch?v=c2e4SgVd2AU&list=PLC4FFB3F0AFB8146C&index=127&t=0s,strong,text.summary_detailed_en,"In a hospital clinic office, a doctor in a whit",
doctor,YoVa3ycxg-E,236,Kargin Haghordum sketch 318 (Hayko Mko),,strong,text.summary_detailed_en,kes place in what appears to be a clinic waiting room. A man wearing a blu,y
doctor,ZJK7CXG4Rn8,260,Kargin Haghordum sketch 567 (Hayko Mko),,strong,text.summary_detailed_en,"The sketch takes place in a hospital room where Qajik, a man heavily b",
doctor,ZNM35ezEGeM,150,Kargin Haghordum sketch 524 (Hayko Mko),,strong,text.summary_detailed_en,ketch takes place in a minimalist hospital corridor. A man with a thick must,y
doctor,_OF9JzCnuPY,314,Kargin Haghordum sketch 475 (Hayko Mko),,strong,text.summary_detailed_en,"etch takes place in a psychiatric hospital office where a doctor, wearing bl",y
doctor,c2e4SgVd2AU,498,Kargin Haghordum sketch 126 (Hayko Mko),https://www.youtube.com/watch?v=YoGuj76WvJI&list=PLDDuEZQEC_uAuSrUXsFVBLNkPQY3BHzLQ&index=184&t=0s,strong,text.summary_detailed_en,"In a hospital doctor's office, a physician (in",
doctor,cZlUHn9xle8,368,Kargin Haghordum sketch 484 (Hayko Mko),,strong,text.summary_detailed_en,The sketch begins in a hospital lobby where two friends meet. One,
doctor,cgaTVZKUFuY,346,Kargin Haghordum sketch 513 (Hayko Mko),,strong,text.summary_detailed_en,aims his mother was rushed to the hospital with a burst appendix but insists,
doctor,dXWm_NEWbfM,391,Kargin Haghordum - Analiz (Hayko Mko),,strong,text.summary_detailed_en,that he even walked to the local polyclinic himself that morning to submit hi,
doctor,eGBMeksUdew,658,Kargin Haghordum sketch 221 (Hayko Mko),,strong,text.summary_detailed_en,eth and is told she will become a dentist. The joke concludes with a studen,
doctor,eSGwM7ZNPnA,197,Kargin Haghordum sketch 534 (Hayko Mko),,strong,text.summary_detailed_en,doctor's office where a mustached surgeon in blue scrubs and a surgical cap,y
doctor,f1rGyGwoJ68,309,Kargin Haghordum sketch 470 (Hayko Mko),,strong,text.summary_detailed_en,"In a hospital consulting room, a mustached man",y
doctor,fCpr6SFJQsE,538,Kargin Haghordum sketch 171 (Hayko Mko),,strong,text.summary_en,A stingy man negotiates with a dentist for the cheapest possible tooth e,y
doctor,fNXg8Cs7ifY,680,Kargin Haghordum sketch 260 (Hayko Mko),,strong,text.summary_en,A man escapes from a hospital after being told he has seven hou,y
doctor,fsW7XueiNLg,011,Kargin Haghordum sketch 299,,strong,text.summary_detailed_en,"Upon his return, Rudik visits the clinic again, ecstatic and bearing a wra",y
doctor,gDUYrHF4s14,576,Kargin Haghordum sketch 427 (Hayko Mko),,strong,text.summary_detailed_en,"e first man begs to be taken to a hospital, addressing a group of 'boys' who",
doctor,hfQb2B0KVs4,271,Kargin Haghordum sketch 579 (Hayko Mko),,strong,text.keywords_en,"or, pneumonia, medicine, patient, hospital, grandfather, humor, joke",y
doctor,kIc8JOhTGbE,484,Kargin Haghordum sketch 112 (Hayko Mko),https://www.youtube.com/watch?v=R6VbgKcNBYY&list=PLDDuEZQEC_uAuSrUXsFVBLNkPQY3BHzLQ&index=67&t=0s,strong,visual.visual_synopsis,"in a sling, visiting an office or clinic hallway with a mustached man.",
doctor,kKDydl5jRAY,533,Kargin Haghordum sketch 167 (Hayko Mko),https://www.youtube.com/watch?v=0iKAm_aZ7Og&list=PLC4FFB3F0AFB8146C&index=118&t=0s,strong,text.title_en,Koryun's Hospital Performance,
doctor,kOGVCV4TAgY,191,Kargin Haghordum sketch 371 (Hayko Mko),,strong,text.summary_detailed_en,The sketch takes place in a clinic office where a frustrated pediatr,y
doctor,kc_5NV5QkFI,318,Kargin Haghordum sketch 479 (Hayko Mko),,strong,text.keywords_en,"trist, brain, profanity, patient, clinic, money, treatment",y
doctor,kolSov5YzHw,561,Kargin Haghordum sketch 196 (Hayko Mko),,strong,text.title_en,Professional Boxer at the Clinic,y
doctor,l4p3EXW1MEM,423,Kargin Haghordum - Gjer (Hayko Mko),,strong,text.keywords_en,"nsane asylum, driver, van, mental hospital, broken car, hallucination, patie",
doctor,l6xts0RYR_k,503,Kargin Haghordum sketch 131 (Hayko Mko),,strong,text.keywords_en,"doctor, hospital, vasectomy, large family, voting,",y
doctor,mHr8lcIK5AI,519,Kargin Haghordum sketch 153 (Hayko Mko),,strong,text.summary_detailed_en,e sketch takes place in a medical clinic where a mustachioed doctor wearin,y
doctor,oewiZYAGujY,646,Kargin Haghordum sketch 589 (Hayko Mko),,strong,text.summary_detailed_en,"ly that while he should be in the hospital, they can wait until morning to s",
doctor,qjkWGYnwMbw,070,Kargin Haghordum sketch 635 (Hayko Mko),,strong,text.summary_detailed_en,"simply points out the window at a hospital passing by, revealing that was th",
doctor,rh2-lZwbQ9s,233,Kargin Haghordum sketch 315 (Hayko Mko),,strong,text.title_en,Hospital Casino,y
doctor,t0_1q3yTdCU,075,Kargin Haghordum sketch 667 (Hayko Mko),,strong,text.summary_detailed_en,The sketch begins in a clinic corridor where a family is discus,
doctor,vwaCjXU4Neg,669,Kargin Haghordum sketch 249 (Hayko Mko),,strong,text.summary_detailed_en,"t happens again, he has a plastic surgeon friend who will 'rejuvenate' the",
doctor,xFKrPTRGLjU,656,Kargin Haghordum sketch 599 (Hayko Mko),,strong,text.summary_detailed_en,"d, asks why he didn't come to the clinic sooner to have them removed. The",y
doctor,xQpgwwduLeI,012,Kargin Haghordum sketch 300,,strong,text.summary_detailed_en,The sketch takes place in a polyclinic doctor's examination room. A nerv,y
doctor,xVpyEOc0y_Y,591,Kargin Haghordum sketch 442 (Hayko Mko),,strong,text.summary_en,illed' someone more easily at the hospital.,y
doctor,yW_p-x7N2bw,237,Kargin Haghordum sketch 319 (Hayko Mko),,strong,text.keywords_en,"psychologist, hospital, stencil, typo, hypnosis, consult",y
doctor,yhXKkn32Tas,618,Kargin Haghordum sketch 500 (Hayko Mko),,strong,text.summary_en,Two hyper-masculine men at a hospital refuse to accept the news of a ba,y
doctor,15y8SiYBMRI,548,Kargin Haghordum sketch 180 (Hayko Mko),,weak,text.title_en,The Anesthesia Doctor,
doctor,16m0-82_Igs,539,Kargin Haghordum sketch 172 (Hayko Mko),,weak,text.summary_detailed_en,e if he sees too many people. The doctor coordinates with his orderlies to,
doctor,31-baXiIagE,634,Kargin Haghordum sketch 556 (Hayko Mko),,weak,text.summary_detailed_en,ls the punchline: she needs to be patient and hide the wealth until her fat,
doctor,6bl5UzPlxtE,123,Kargin Haghordum sketch 686 (Hayko Mko),,weak,text.summary_detailed_en,"his 'successful' business selling medicinal herbs, claiming he earned eno",
doctor,6iR5oe-tj3g,508,Kargin Haghordum sketch 136 (Hayko Mko),,weak,text.summary_en,reunite to reminisce about their medical internships and discuss their m,
doctor,82r9vHp8k0Y,686,Kargin Haghordum sketch 266 (Hayko Mko),,weak,text.summary_detailed_en,(acts) based on the state of the medical supplies. He complains that the,
doctor,9waE9oRnddw,517,Kargin Haghordum sketch 151 (Hayko Mko),,weak,text.summary_detailed_en,"with a panicked phone call to the ambulance service (Skory), reporting that t",
doctor,BKzC7Ph5FxM,648,Kargin Haghordum sketch 591 (Hayko Mko),,weak,text.summary_detailed_en,tion of grocery shopping over the medical emergency of a 'dream man' in h,
doctor,CRTZxK3yEH8,156,Kargin Haghordum sketch 530 (Hayko Mko),,weak,text.summary_detailed_en,he already bought bread from the pharmacy next door and now demands sour c,
doctor,F7TPxt1wSDk,366,Kargin Haghordum sketch 494 (Hayko Mko),,weak,text.summary_en,"rvice by swapping places during a medical examination, but the plan backf",
doctor,Gm4Csg8_Z2I,138,Kargin Haghordum sketch 374 (Hayko Mko),,weak,text.summary_detailed_en,tial courtyard during the day. An ambulance is present with paramedics tendin,
doctor,HOIkWBoM-us,032,Kargin Haghordum sketch 339 (Hayko Mko),,weak,text.title_en,The Mad Doctor and His Patients,
doctor,HQWbF7x1b9w,168,Kargin Haghordum sketch 212 (Hayko Mko),,weak,text.title_en,The Sailor's Medications,
doctor,LTjzI3_hPaY,636,Kargin Haghordum sketch 558 (Hayko Mko),,weak,text.summary_detailed_en,the grandmother's blood pressure medication instead of his own substance,
doctor,LY-PrNKJxsM,065,Kargin Haghordum sketch 630 (Hayko Mko),,weak,text.summary_en,After a doctor tells a wealthy man he only has o,
doctor,NypCXWhqXKs,058,Kargin Haghordum sketch 623 (Hayko Mko),,weak,text.summary_detailed_en,"onscious onto a couch, she ties a medical bandage around his jaw to keep",
doctor,Pp2eMnH6Zd8,014,Kargin Haghordum sketch 302 (Hayko Mko),,weak,text.summary_detailed_en,reported his own son for stealing medicine from a pharmacy to save his li,
doctor,QMH1oz2EoVg,638,Kargin Haghordum sketch 581 (Hayko Mko),,weak,text.summary_detailed_en,The sketch takes place in a doctor's office where a village tractor,
doctor,R6VbgKcNBYY,305,Kargin Haghordum sketch 466 (Hayko Mko),https://www.youtube.com/watch?v=kIc8JOhTGbE&list=PLC4FFB3F0AFB8146C&index=113&t=0s,weak,text.summary_detailed_en,Artyomik's arm to get a six-month medical deferment. After the friends fa,
doctor,S8bCsNnNnJE,490,Kargin Haghordum sketch 118 (Hayko Mko),https://www.youtube.com/watch?v=7KKsmTxazyY&list=PLDDuEZQEC_uAuSrUXsFVBLNkPQY3BHzLQ&index=79&t=0s,weak,text.keywords_en,"rtyard, old men, gossip, illness, medication, old age, bench, neighbors",
doctor,VZcxFrT4BKk,695,Kargin Haghordum sketch 569 (Hayko Mko),,weak,text.summary_en,"' for daily expenses, leading the doctor to offer the same deal.",
doctor,WAE8wAs9FR0,084,Kargin Haghordum sketch 658 (Hayko Mko),,weak,text.summary_en,ren over the person providing the medical aid.,
doctor,WuzT_vKu-u4,514,Kargin Haghordum sketch 148 (Hayko Mko),,weak,text.summary_en,A former convict visits an eye doctor to get a signature for his parole,
doctor,WzLmm318o80,091,Kargin Haghordum sketch 651 (Hayko Mko),,weak,text.summary_en,ells a struggling artist that his doctor bought all his paintings after co,
doctor,ZHNMkOQ6WpM,528,Kargin Haghordum sketch 162 (Hayko Mko),,weak,text.keywords_en,"hypnosis, predicting the future, doctor, couch, blindfold, money",
doctor,ZQir3l1VrVo,386,Kargin Haghordum- Porch@ bjishki mot (Hayko Mko),,weak,text.title_en,Doctor's Advice in the Car,
doctor,ZVSYU_ez_dY,393,Kargin Haghordum - Trener (Hayko Mko),,weak,text.summary_detailed_en,", regretting that he didn't go to medical school as his father wished ins",
doctor,aJv99i6NJZU,006,Kargin Haghordum - Stress (Hayko Mko),,weak,text.summary_en,"son, and bedwetting, only for the doctor’s antidepressants to change his a",
doctor,bG0Vzk2SuQU,325,Kargin Haghordum sketch 287 (Hayko Mko),,weak,text.summary_en,"ectly, but labels everyone in the doctor's Rorschach-style test as gay.",
doctor,bHv-5tqagpU,691,Kargin Haghordum sketch 271 (Hayko Mko),,weak,text.summary_en,A doctor uses animal metaphors to explain,
doctor,cIU6H6DTLr8,529,Kargin Haghordum sketch 163 (Hayko Mko),,weak,text.summary_en,A newlywed couple visits a pharmacy to buy a pregnancy test but repe,
doctor,dwXDsd5eBsE,513,Kargin Haghordum sketch 143 (Hayko Mko),,weak,text.title_en,Potassium Cyanide and the Pharmacy,
doctor,gCYod49MYII,542,Kargin Haghordum sketch 174 (Hayko Mko),,weak,text.summary_en,o use up his late wife's leftover medicine.,
doctor,gzpPMpf_pmA,069,Kargin Haghordum sketch 634 (Hayko Mko),,weak,text.summary_detailed_en,edia instead of letting her see a doctor. The conversation shifts to their,
doctor,h7IqrsqBy1M,295,Kargin Haghordum sketch 414 (Hayko Mko),,weak,text.title_en,The Doctor's Suppositories and the Late Call,
doctor,ipVYU1B3mTs,562,Kargin Haghordum sketch 197 (Hayko Mko),,weak,text.summary_detailed_en,"howing typical concern or seeking medical help, the woman reacts with a m",
doctor,ja-t-8MEMKc,009,Kargin Haghordum sketch 296 (Hayko Mko),,weak,text.summary_en,s to his wife about his expensive doctor-prescribed vacations before being,
doctor,oYbSr-GJ2Zk,005,Kargin Haghordum sketch 279 (Hayko Mko),,weak,text.summary_detailed_en,"igarette. Despite the bartender's patient assistance, the interaction becom",
doctor,qC_PRKGdMgk,124,Kargin Haghordum sketch 685 (Hayko Mko),,weak,text.summary_en,acy requirements suggested by the doctor.,
doctor,rErcpknoD_4,681,Kargin Haghordum sketch 261 (Hayko Mko),,weak,text.summary_detailed_en,'collaborates' by importing their medicine. When Tigran politely refuses,
doctor,rg8L5MqjDF4,552,Kargin Haghordum sketch 184 (Hayko Mko),,weak,text.keywords_en,"ident, plaster cast, bar, drinks, patient, nerves",
doctor,sOWmXDL8T68,530,Kargin Haghordum sketch 164 (Hayko Mko),,weak,text.summary_detailed_en,"e in a brightly lit, well-stocked pharmacy or baby supply store. Two shop c",
doctor,vbWvlxJnC_w,312,Kargin Haghordum sketch 473 (Hayko Mko),,weak,text.title_en,Medicine for Proshyan Sovkhoz,
doctor,z3FMKrxzWhc,019,Kargin Haghordum sketch 326 (Hayko Mko),,weak,text.title_en,Patient's Last Words,
traffic_police,-oFwyHwg4TM,433,Kargin Haghordum - Prava (Hayko Mko),,strong,text.topics,"police, money, transport",y
traffic_police,13-sTb5uYH8,467,Kargin Haghordum sketch 092 (Hayko Mko),,strong,text.summary_detailed_en,"drunk to go to the factory, so he pulled over to sleep, only to wake up and fin",
traffic_police,1xg6L8B7Z_M,249,Kargin Haghordum sketch 352 (Hayko Mko),,strong,text.topics,"police, transport, crime",y
traffic_police,2gZ-NK4GJZY,696,Kargin Haghordum - Sex mashni mech (Hayko Mko),,strong,text.summary_detailed_en,"quiet park road during the day. A traffic police officer, wearing a standard polic",y
traffic_police,7vpP1F4L1xo,081,Kargin Haghordum sketch 661 (Hayko Mko),,strong,text.topics,"transport, police, other",
traffic_police,82r9vHp8k0Y,686,Kargin Haghordum sketch 266 (Hayko Mko),,strong,text.topics,"police, transport, bureaucracy",y
traffic_police,8FNynS9GoAs,674,Kargin Haghordum - GAIshnik (Hayko Mko),,strong,text.topics,"police, drinking, transport",y
traffic_police,8dn6nxfcJSA,228,Kargin Haghordum sketch 310 (Hayko Mko),,strong,text.summary_detailed_en,"klessly in a Lada 2106 to provoke traffic police. After this long, hyperactive mon",y
traffic_police,9ar153dXxcc,100,Kargin Haghordum sketch 641 (Hayko Mko),,strong,text.topics,"transport, drinking, police",
traffic_police,BCDNaGGDjAY,687,Kargin Haghordum - Hetapndum (Hayko Mko),,strong,text.topics,"police, crime, transport",y
traffic_police,EJbI_w-Fktg,144,Kargin Haghordum sketch 380 (Hayko Mko),,strong,text.topics,"police, transport, work",y
traffic_police,F65-KmCZpNc,407,Kargin Haghordum - Mlicu anekdot@ (Hayko Mko),,strong,text.topics,"transport, drinking, police",
traffic_police,GYewdqQfAws,685,Kargin Haghordum sketch 265 (Hayko Mko),,strong,text.topics,"police, transport, crime",y
traffic_police,HB8G9zual8A,331,Kargin Haghordum sketch 293 (Hayko Mko),,strong,text.title_en,Double Fertilization and the Traffic Cop,y
traffic_police,HlgdRBKwBM0,609,Kargin Haghordum sketch 487 (Hayko Mko),https://www.youtube.com/watch?v=rktRofsEmtg&list=PLC4FFB3F0AFB8146C&index=111&t=0s,strong,text.topics,"crime, police, transport",
traffic_police,HtqqKTTiU3w,406,Kargin Haghordum - Porchn u gaishnik@ (Hayko Mko),,strong,text.topics,"police, transport",y
traffic_police,I2pX4UZ4gJU,436,Kargin Haghordum - Tmranyut (Hayko Mko),,strong,text.topics,"police, crime, transport",y
traffic_police,IsgF4_C3xjY,689,Kargin Haghordum sketch 269 (Hayko Mko),,strong,text.topics,"police, transport, money",y
traffic_police,L3CiQABljX8,277,Kargin Haghordum sketch 230 (Hayko Mko),,strong,visual.visual_synopsis,them before driving off and being pulled over by a white Lada militsia car; and,
traffic_police,O1LDjwZcN9s,092,Kargin Haghordum sketch 650 (Hayko Mko),,strong,text.topics,"transport, police, bureaucracy",y
traffic_police,UhyVa3nczbg,688,Kargin Haghordum sketch 268 (Hayko Mko),,strong,text.topics,"police, transport",y
traffic_police,aeiBCku2UbE,234,Kargin Haghordum sketch 316 (Hayko Mko),,strong,text.topics,"police, transport, bureaucracy",y
traffic_police,alABhSPvMtU,206,Kargin Haghordum sketch 386 (Hayko Mko),,strong,text.summary_en,A traffic police officer returns home to his famil,y
traffic_police,d6r41kkDJvA,599,Kargin Haghordum sketch 450 (Hayko Mko),,strong,text.summary_detailed_en,"her to hell. The third soul is a traffic policeman, complete with his military ca",
traffic_police,moCyanUBWps,415,Kargin Haghordum - Blokpost (Hayko Mko),,strong,text.topics,"police, crime, transport",y
traffic_police,mrIUW3fCUUo,273,Kargin Haghordum - Gomikavan (Hayko Mko),,strong,visual.visual_synopsis,"blonde woman in a car and a sedan pulled over, and a closing bit in a village y",
traffic_police,rktRofsEmtg,482,Kargin Haghordum sketch 110 (Hayko Mko),https://www.youtube.com/watch?v=HlgdRBKwBM0&list=PLDDuEZQEC_uAuSrUXsFVBLNkPQY3BHzLQ&index=88&t=0s,strong,text.topics,"crime, police, transport",
traffic_police,tC0oTbzztk8,468,Kargin Haghordum sketch 093 (Hayko Mko),,strong,text.title_en,The Cake Money and the Traffic Cop,
traffic_police,ty8VH9jpVkU,453,Kargin Haghordum sketch 078 (Hayko Mko),,strong,text.topics,"police, transport, restaurant_cafe",y
traffic_police,upv-Sbiitss,378,Kargin Haghordum sketch 140 (Hayko Mko),https://www.youtube.com/watch?v=yzBeTsyR8ys&list=PLC4FFB3F0AFB8146C&index=128&t=0s,strong,text.topics,"police, crime, transport",
traffic_police,vy4T7AtWBpw,457,Kargin Haghordum sketch 082 (Hayko Mko),,strong,text.topics,"police, transport, drinking",y
traffic_police,xKIAGtRttaw,108,Kargin Haghordum sketch 649 (Hayko Mko),,strong,text.topics,"police, transport, money",y
traffic_police,yzBeTsyR8ys,499,Kargin Haghordum sketch 127 (Hayko Mko),https://www.youtube.com/watch?v=upv-Sbiitss&list=PLC4FFB3F0AFB8146C&index=141&t=0s,strong,text.summary_detailed_en,"in one car, which will surely be pulled over at the police checkpoint (GAI pos",
traffic_police,0Aoy7CHMZvA,454,Kargin Haghordum sketch 079 (Hayko Mko),,weak,text.summary_detailed_en,eventually encounters a uniformed police officer and complains that everyone in th,
traffic_police,0vhomjPY064,629,Kargin Haghordum sketch 551 (Hayko Mko),,weak,text.summary_detailed_en,itary peaked cap and role-plays a police officer (progressively 'promoting' himsel,
traffic_police,4AW-D43CgQs,450,Kargin Haghordum sketch 075 (Hayko Mko),,weak,text.summary_detailed_en,s. The visual sequences include a police officer sitting on a park bench guarding,
traffic_police,7arnxebkEUU,377,Kargin Haghordum sketch 101 (Hayko Mko),,weak,visual.character_types,"old man, police officer, young men in matching plaid shir",
traffic_police,8t7hzpg0dlg,172,Kargin Haghordum sketch 216 (Hayko Mko),,weak,text.summary_en,"a political candidate, but a lazy police officer refuses to book him, claiming can",
traffic_police,CcDMgyCFmVk,293,Kargin Haghordum sketch 410 (Hayko Mko),,weak,text.summary_detailed_en,"orated with small flags. A senior police officer with a mustache sits at his desk,",
traffic_police,HuwjAoOzPXQ,291,Kargin Haghordum sketch 408 (Hayko Mko),,weak,text.title_en,The Policeman and Gago the Junkie,
traffic_police,K6xpw9baTrY,292,Kargin Haghordum sketch 409 (Hayko Mko),,weak,visual.character_types,"mustached police officer, police officer passenger, gangst",
traffic_police,Khc_Ct08b9k,512,Kargin Haghordum sketch 141 (Hayko Mko),,weak,text.summary_en,"A police officer scolds a boy for skipping school,",
traffic_police,OA0SBQc8LcY,637,Kargin Haghordum sketch 559 (Hayko Mko),,weak,text.summary_en,A police officer stops an elderly woman carrying a,
traffic_police,Ol-_OaPjBN0,192,Kargin Haghordum - Sex aygum (Hayko Mko),,weak,visual.character_types,"police officer, police officer",
traffic_police,Pp2eMnH6Zd8,014,Kargin Haghordum sketch 302 (Hayko Mko),,weak,text.summary_detailed_en,"The sketch ends with a uniformed police officer entering the smoke-filled room, s",
traffic_police,Qe6HjBcKqao,605,Kargin Haghordum sketch 482 (Hayko Mko),,weak,text.keywords_en,"ation, beating, address, Komitas, police officer, misunderstanding, alibi",
traffic_police,RWd5fVbXz9k,240,Kargin Haghordum sketch 343 (Hayko Mko),,weak,text.summary_en,A man notices his police officer neighbor has been promoted overni,
traffic_police,UKLBaltVKKc,356,Kargin Haghordum sketch 455 (Hayko Mko),,weak,text.summary_detailed_en,d while watching a broadcast of a policeman detaining a young man. A mustache,
traffic_police,XTx8271LtQo,651,Kargin Haghordum sketch 594 (Hayko Mko),,weak,visual.character_types,"man in white shirt (tenant), police officer, police officer",
traffic_police,ZFZSmw37k54,670,Kargin Haghordum sketch 250 (Hayko Mko),,weak,text.summary_detailed_en,bout the state of the North-South highway and the difficulty of reaching Ma,
traffic_police,cbR5i3gj684,511,Kargin Haghordum sketch 139 (Hayko Mko),,weak,text.summary_detailed_en,segment about the new North-South highway. The reporter explains they are i,
traffic_police,e348pjjIcWE,523,Kargin Haghordum sketch 157 (Hayko Mko),https://www.youtube.com/watch?v=fqeoB0CKcY4&list=PLC4FFB3F0AFB8146C&index=123&t=0s,weak,text.summary_en,A police officer detains a man for shouting 'what,
traffic_police,eYibG0176rM,444,Kargin Haghordum - Xoti vra nstac (Hayko Mko),,weak,text.summary_en,A policeman aggressively interrogates a young,
traffic_police,fqeoB0CKcY4,494,Kargin Haghordum sketch 122 (Hayko Mko),https://www.youtube.com/watch?v=e348pjjIcWE&list=PLC4FFB3F0AFB8146C&index=158&t=0s,weak,text.summary_en,A patriotic policeman arrests a passerby for insulting,
traffic_police,gPuUvFuvaUw,673,Kargin Haghordum sketch 253 (Hayko Mko),,weak,text.summary_detailed_en,mied bird decoration. A mustached police officer in uniform interrogates a young m,
traffic_police,jXTFiwKEMVE,606,Kargin Haghordum sketch 483 (Hayko Mko),,weak,text.summary_en,A police officer deals with a thief and a woman wh,
traffic_police,kBuXMQxDwcs,419,Kargin Haghordum - Qaxmas (Hayko Mko),,weak,text.summary_en,A frustrated police officer tries to extract a witness statem,
traffic_police,lO4fAllxmwc,276,Kargin Haghordum - Annasun Erkira (Hayko Mko),,weak,visual.character_types,"man in sunglasses, old mechanic, police officer, police captain, scruffy detainee",
traffic_police,lp8MI6ZnwhM,700,Kargin Haghordum sketch 192 (Hayko Mko),,weak,visual.character_types,"police officer, woman, man",
traffic_police,qYhj_GEOtFo,190,Kargin Haghordum - Mlicu Anekdot (Hayko Mko),,weak,text.summary_en,"er tells jokes to children, but a policeman in the audience takes offense at",
traffic_police,qunPSBfJJW4,334,Kargin Haghordum sketch 501 (Hayko Mko),,weak,text.summary_en,A police officer threatens an elderly man for ille,
traffic_police,s-zo29VaCao,438,Kargin Haghordum - DVD (Hayko Mko),,weak,text.summary_en,her and daughter broken down on a highway have won a million and a DVD play,
traffic_police,t6kKe5nAddg,371,Kargin Haghordum - Esi mek (Hayko Mko),,weak,text.summary_detailed_en,to an interrogation room where a policeman or authority figure is berating t,
traffic_police,tI8nk1ggm-k,202,Kargin Haghordum sketch 539 (Hayko Mko),,weak,text.summary_detailed_en,he quality of the new North-South highway. The scene shifts to an outdoor o,
traffic_police,vbWvlxJnC_w,312,Kargin Haghordum sketch 473 (Hayko Mko),,weak,text.summary_detailed_en,(minibus) traveling along a rural highway. The vehicle is filled with diver,
traffic_police,zyqWBVzMpFw,219,Kargin Haghordum sketch 399 (Hayko Mko),,weak,text.summary_detailed_en,"ark red 1985 Volvo as stolen. The police officer at the desk is distracted, and st",
tv,-jCLqYZVTFQ,682,Kargin Haghordum sketch 262 (Hayko Mko),,strong,visual.key_props,", restaurant table, beer bottles, television playing soccer match, couch, electric fan",
tv,2ZNH4fu4YoA,632,Kargin Haghordum sketch 554 (Hayko Mko),,strong,visual.visual_synopsis,"a couple's living room while they watch TV, holding them up at knifepoint be",y
tv,2h3gcv92FTw,041,Kargin Haghordum sketch 606 (Hayko Mko),,strong,text.summary_detailed_en,"actors in drag) sits on the couch watching television. A wall clock is visible, indicat",y
tv,4qxINXiM5J8,339,Kargin Haghordum sketch 506 (Hayko Mko),,strong,visual.visual_synopsis,"bed in a yellow wallpapered room watching TV, with repeated cutaways to the sc",y
tv,7-ecmDcVc08,577,Kargin Haghordum sketch 428 (Hayko Mko),,strong,text.summary_detailed_en,"a news reporter appears on their TV screen, reporting from a massive anti-dr",y
tv,83J-iWzByxo,306,Kargin Haghordum sketch 467 (Hayko Mko),,strong,text.summary_detailed_en,"s preoccupied with eating snacks, watching television, and gossiping on the phone with",y
tv,DNGjblhdcNk,610,Kargin Haghordum sketch 488 (Hayko Mko),,strong,text.summary_detailed_en,"curly reddish wig, sits next to a television playing old black-and-white film footage.",
tv,EJbI_w-Fktg,144,Kargin Haghordum sketch 380 (Hayko Mko),,strong,text.summary_detailed_en,"r his cargo. They briefly discuss TV shows, where the officer expresses his",
tv,LTFdwmRrjBY,107,Kargin Haghordum sketch 648 (Hayko Mko),,strong,visual.visual_synopsis,"nd watching a football match on a TV screen, reacting animatedly alongside a",y
tv,LUAZ6UwEsaU,078,Kargin Haghordum sketch 664 (Hayko Mko),,strong,visual.visual_synopsis,between she sits alone with a mug watching the television.,y
tv,PxsWkmJXfZY,575,Kargin Haghordum sketch 426 (Hayko Mko),,strong,text.title_en,The TV Show and the Guest,
tv,R37WlCTJ_CI,310,Kargin Haghordum sketch 471 (Hayko Mko),,strong,text.summary_en,a young man persistently asks to watch TV despite his friend's protests abo,y
tv,ROhyVWLJYbU,671,Kargin Haghordum sketch 251 (Hayko Mko),,strong,visual.visual_synopsis,"ing-room couch, gesturing while a TV shows old footage of a baby and a phot",
tv,Rb7gaPBURwU,432,Kargin Haghordum - Pozavor (Hayko Mko),,strong,visual.visual_synopsis,"the phone, plus brief shots of a TV screen and another man dancing.",
tv,UKLBaltVKKc,356,Kargin Haghordum sketch 455 (Hayko Mko),,strong,visual.visual_synopsis,ing on the phone while watching a TV broadcast of a policeman detaining a young,
tv,XTx8271LtQo,651,Kargin Haghordum sketch 594 (Hayko Mko),,strong,text.summary_detailed_en,"an eagle, biting his nails while watching television. The officers knock loudly, annou",y
tv,aYpOwxAtRuI,301,Kargin Haghordum sketch 462 (Hayko Mko),,strong,visual.visual_synopsis,A family watches TV in their living room - a mustache,y
tv,cLAP5VdCAc8,109,Kargin Haghordum sketch 702 (Hayko Mko),,strong,visual.visual_synopsis,"two red armchairs and an old CRT TV on a stand, a heavyset man in a fedo",
tv,oO9GgcTPJIM,099,Kargin Haghordum sketch 640 (Hayko Mko),,strong,text.summary_detailed_en,"ale comedian in drag—is lounging, watching television and talking on a vintage rotary p",y
tv,oiqDhLquNDU,549,Kargin Haghordum sketch 181 (Hayko Mko),,strong,visual.visual_synopsis,"man reminisces on the couch while watching TV, intercut with a flashback of a y",y
tv,0vhomjPY064,629,Kargin Haghordum sketch 551 (Hayko Mko),,weak,text.summary_detailed_en,"ser, then under the trophy-topped TV—they celebrate by drinking a glas",
tv,2V15_8OeTto,302,Kargin Haghordum sketch 463 (Hayko Mko),,weak,text.summary_detailed_en,agery in the magazines and on the TV in the background—simply replies,
tv,4vgmCuZn_Ok,244,Kargin Haghordum sketch 347 (Hayko Mko),,weak,visual.visual_synopsis,ays backgammon and watches an old TV with women visiting; the sketch e,
tv,9fCZPyVaTgI,676,Kargin Haghordum sketch 256 (Hayko Mko),,weak,text.summary_detailed_en,h a Real Madrid football match on television. A character played by a male act,
tv,D1-SuteQWMs,630,Kargin Haghordum sketch 552 (Hayko Mko),,weak,text.summary_detailed_en,", sit on a sofa in front of a CRT television. The wife complains that her husb",
tv,DEy6RbVrj_U,043,Kargin Haghordum sketch 608 (Hayko Mko),,weak,text.summary_detailed_en,watching a romantic movie on the television and talking on the telephone. A m,
tv,DMBmsT6qhSU,373,Kargin Haghordum - Harcazruyc (Hayko Mko),,weak,text.summary_en,A TV reporter tries to lecture a smoke,
tv,EzBimQbJTPM,358,Kargin Haghordum sketch 457 (Hayko Mko),,weak,text.summary_detailed_en,!' rather than watching a goal on TV. When accused of loving Pyunik mo,
tv,HihCVmDFnnw,121,Kargin Haghordum sketch 688 (Hayko Mko),,weak,visual.visual_synopsis,"rapped around her head, while the TV plays a beach scene; a young man",
tv,K6wlN6Nm-Ak,016,Kargin Haghordum sketch 323 (Hayko Mko),,weak,visual.visual_synopsis,ntimate scene playing on a nearby television. Later a different man enters hol,
tv,K9BDnmNx4Ic,461,Kargin Haghordum sketch 086 (Hayko Mko),,weak,visual.visual_synopsis,A mock TV report shot in autumn: an eccentr,
tv,MO4IeuSmo08,050,Kargin Haghordum sketch 615 (Hayko Mko),,weak,text.summary_detailed_en,"res a double bed and wall-mounted TV, the tension eases. After the wom",
tv,RazaN_OT-tA,002,Kargin Haghordum - Shef (Hayko Mko),,weak,text.summary_detailed_en,"he couple stands among shelves of television sets and office equipment, with t",
tv,T3cuwPoe3tA,072,Kargin Haghordum - Araj mi @ngi (Hayko Mko),,weak,text.summary_en,s his tied-up wife by parodying a TV quiz show to uncover the details,
tv,TBpD6dgtVXM,463,Kargin Haghordum sketch 088 (Hayko Mko),,weak,text.summary_detailed_en,special election report on their television to see the results of his run for,
tv,TLD0RhsCHrc,008,Kargin Haghordum sketch 295 (Hayko Mko),,weak,visual.key_props,"closet clothes, television, bed, bookshelf",
tv,Tx4PpH29Dtw,289,Kargin Haghordum sketch 406 (Hayko Mko),,weak,text.summary_detailed_en,"nores loudly, and monopolizes the television during the football championship.",
tv,VU8zjC3tRtk,296,Kargin Haghordum sketch 415 (Hayko Mko),,weak,text.summary_detailed_en,live to see the end of a popular TV series. When the shocked patient,
tv,WuzT_vKu-u4,514,Kargin Haghordum sketch 148 (Hayko Mko),,weak,text.summary_detailed_en,"lifestyle from watching Armenian TV series, while the patient quips h",
tv,XI9QMVHkcIg,352,Kargin Haghordum sketch 519 (Hayko Mko),,weak,visual.visual_synopsis,"and watching a dramatic scene on television with their young child, then the",
tv,ZRx834p4chA,510,Kargin Haghordum sketch 138 (Hayko Mko),,weak,visual.visual_synopsis,"mpagne, two men in front of a big TV - then cuts to the same living ro",
tv,ZVSYU_ez_dY,393,Kargin Haghordum - Trener (Hayko Mko),,weak,text.summary_detailed_en,"the tactic diagram as a sponsored TV segment, announcing a real estate",
tv,ZkgP8yeiX1o,387,Kargin Haghordum - Kentani (Hayko Mko),,weak,text.summary_detailed_en,The sketch begins with a TV news bulletin announcing the esca,
tv,a-Ui2dncFZ0,184,Kargin Haghordum - Kondi Tner (Hayko Mko),,weak,text.summary_detailed_en,"aches them, recognizing them from television, and eagerly asks about the new b",
tv,alABhSPvMtU,206,Kargin Haghordum sketch 386 (Hayko Mko),,weak,text.summary_detailed_en,ht!' The family then turns on the television to watch the evening news. The ne,
tv,arKFsgNrwro,049,Kargin Haghordum sketch 614 (Hayko Mko),,weak,visual.visual_synopsis,sprawled under a blanket with the TV remote. The three argue back and,
tv,bzVJUkNNJ9Q,446,Kargin Haghordum - Graz (Hayko Mko),,weak,visual.key_props,"rooftop tv antenna, chimney pipe, walking st",
tv,cbR5i3gj684,511,Kargin Haghordum sketch 139 (Hayko Mko),,weak,text.summary_en,A TV reporter visits a remote village,
tv,f6VD3ITakLc,209,Kargin Haghordum sketch 389 (Hayko Mko),,weak,visual.character_types,"tv host, shopkeeper, shop assistant",
tv,iXQc7hUtK2I,414,Kargin Haghordum - Hett em gali (Hayko Mko),,weak,text.summary_detailed_en,ed out on the lawn outside near a television—suddenly jumps up. Instead of sto,
tv,ixUFJhp7iXQ,571,Kargin Haghordum sketch 422 (Hayko Mko),,weak,text.summary_detailed_en,"e wig, is annoyed by his state. A television in the background shows nature fo",
tv,mSEqnf0_IJI,422,Kargin Haghordum - Dombel (Hayko Mko),,weak,visual.key_props,"hiskey glass and bottle, handgun, television, black suvs",
tv,nGjL-1Me690,666,Kargin Haghordum sketch 246 (Hayko Mko),,weak,text.summary_en,A TV crew interviews Armenia's oldest,
tv,o4r6M4zxoUo,020,Kargin Haghordum sketch 327 (Hayko Mko),,weak,text.summary_en,falls apart over a request for a television.,
tv,oSqEEu5m-iE,224,Kargin Haghordum - Txamard em uzum (Hayko Mko),,weak,visual.key_props,"mirror, wig, rose, desk, television, notebook and pencil",
tv,o_E51E2o07Y,304,Kargin Haghordum sketch 465 (Hayko Mko),,weak,text.summary_detailed_en,"ironing, and watching the news on television. Throughout these activities, she",
tv,pAqud0uHruk,193,Kargin Haghordum sketch 383 (Hayko Mko),,weak,text.summary_detailed_en,watching a nature documentary on television featuring a North American moose.,
tv,qoKYgIYwdXM,447,Kargin Haghordum - Dasaxos (Hayko Mko),,weak,text.summary_detailed_en,hasn't watched a single minute of television or news. The sketch concludes wit,
tv,rh2-lZwbQ9s,233,Kargin Haghordum sketch 315 (Hayko Mko),,weak,visual.key_props,"gown, red couch/bed, wall-mounted tv, radiator",
tv,spddQrkdohk,554,Kargin Haghordum sketch 186 (Hayko Mko),,weak,text.summary_detailed_en,"e' of the establishment he saw on TV, the father demands to know why t",
tv,t79x_fKiVEk,536,Kargin Haghordum sketch 170 (Hayko Mko),,weak,text.summary_en,"A TV crew interviews Abgar Yenoqyan, a",
tv,u1EtmLaMt5Y,303,Kargin Haghordum sketch 464 (Hayko Mko),,weak,text.summary_en,high-energy vacuum salesman for a TV news crew investigating her power,
tv,vyTJKuAtbeg,188,Kargin Haghordum sketch 368 (Hayko Mko),,weak,visual.key_props,"tea kettle, photographs of women, television, couch",
tv,wxieqyrzFss,607,Kargin Haghordum sketch 485 (Hayko Mko),,weak,text.summary_detailed_en,floor watching cartoons on a CRT television. A young mother in a yellow top s,
tv,z3FMKrxzWhc,019,Kargin Haghordum sketch 326 (Hayko Mko),,weak,visual.key_props,"sickbed with pillows, old crt television, bedside dresser",
tv,zruwk12QBHk,214,Kargin Haghordum sketch 394 (Hayko Mko),,weak,text.summary_detailed_en,"aring a dark shirt, turns off the television to grab the woman's attention. He",
