video_id,has_music_rows,row_count,claim_labels,claim_values,linked_video_ids,rows_json,fetched_at,fetch_error
5h70tn0asdo,False,0,,,,[],2026-08-01T13:53:58+00:00,
RazaN_OT-tA,False,0,,,,[],2026-08-01T13:54:01+00:00,
mLGEOvwcAO0,False,0,,,,[],2026-08-01T13:54:04+00:00,
-paMG4kj9gg,False,0,,,,[],2026-08-01T13:54:07+00:00,
oYbSr-GJ2Zk,False,0,,,,[],2026-08-01T13:54:10+00:00,
aJv99i6NJZU,False,0,,,,[],2026-08-01T13:54:13+00:00,
2nLtQ6V0QZw,False,0,,,,[],2026-08-01T13:54:16+00:00,
TLD0RhsCHrc,False,0,,,,[],2026-08-01T13:54:18+00:00,
ja-t-8MEMKc,False,0,,,,[],2026-08-01T13:54:21+00:00,
gX0BVfHJxe8,False,0,,,,[],2026-08-01T13:54:24+00:00,
fsW7XueiNLg,False,0,,,,[],2026-08-01T13:54:27+00:00,
xQpgwwduLeI,False,0,,,,[],2026-08-01T13:54:30+00:00,
qgUcDdWTOqE,False,0,,,,[],2026-08-01T13:54:32+00:00,
Pp2eMnH6Zd8,False,0,,,,[],2026-08-01T13:54:35+00:00,
54CspqHsW2s,False,0,,,,[],2026-08-01T13:54:38+00:00,
K6wlN6Nm-Ak,False,0,,,,[],2026-08-01T13:54:41+00:00,
0c7AdcB4YDI,True,1,Suggested by UMG,"Tenchi, Shaggy, Embody - It Wasn't Me (Lyric Video) ft. Moss Kena",gctBZI_DvuY,"[{""label"": ""Suggested by UMG"", ""values"": [""Tenchi, Shaggy, Embody - It Wasn't Me (Lyric Video) ft. Moss Kena""], ""video_ids"": [""gctBZI_DvuY""]}]",2026-08-01T13:54:44+00:00,
Sgb5J28l0IM,False,0,,,,[],2026-08-01T13:54:47+00:00,
z3FMKrxzWhc,False,0,,,,[],2026-08-01T13:54:50+00:00,
o4r6M4zxoUo,False,0,,,,[],2026-08-01T13:54:53+00:00,
7rP-ITVzPOQ,False,0,,,,[],2026-08-01T13:54:56+00:00,
YhChvEsI1-Y,False,0,,,,[],2026-08-01T13:54:59+00:00,
KoKuzghICis,False,0,,,,[],2026-08-01T13:55:01+00:00,
mPi-BHQ88uk,False,0,,,,[],2026-08-01T13:55:04+00:00,
5F6CLHl2l70,False,0,,,,[],2026-08-01T13:55:07+00:00,
j5NeiB-cXX8,False,0,,,,[],2026-08-01T13:55:10+00:00,
bEku95UkuFk,True,1,Suggested by UMG,Manuel Carrasco - Bailando Con Lobos (Vídeo Oficial),wBCRL_1i3dg,"[{""label"": ""Suggested by UMG"", ""values"": [""Manuel Carrasco - Bailando Con Lobos (Vídeo Oficial)""], ""video_ids"": [""wBCRL_1i3dg""]}]",2026-08-01T13:55:13+00:00,
e_oaM_OaTTU,False,0,,,,[],2026-08-01T13:55:15+00:00,
OInkgOVGUy4,False,0,,,,[],2026-08-01T13:55:18+00:00,
7ZWLrWrEjJo,False,0,,,,[],2026-08-01T13:55:21+00:00,
1kvduqCNtRM,False,0,,,,[],2026-08-01T13:55:24+00:00,
HOIkWBoM-us,False,0,,,,[],2026-08-01T13:55:27+00:00,
w1SgJqDb-DY,False,0,,,,[],2026-08-01T13:55:29+00:00,
ovzDcRiu4mM,False,0,,,,[],2026-08-01T13:55:33+00:00,
1YZw1lwtBEc,False,0,,,,[],2026-08-01T13:55:36+00:00,
LYmYokgBBx4,False,0,,,,[],2026-08-01T13:55:38+00:00,
MFxsb0ftWAQ,False,0,,,,[],2026-08-01T13:55:42+00:00,
hbYuuvsUiJA,False,0,,,,[],2026-08-01T13:55:45+00:00,
D2H-qhR6QGA,False,0,,,,[],2026-08-01T13:55:48+00:00,
4P8_-hQAtIk,False,0,,,,[],2026-08-01T13:55:51+00:00,
2h3gcv92FTw,False,0,,,,[],2026-08-01T13:55:54+00:00,
snuBhwDwi1E,False,0,,,,[],2026-08-01T13:55:57+00:00,
DEy6RbVrj_U,False,0,,,,[],2026-08-01T13:56:00+00:00,
WKKCIbls_-w,False,0,,,,[],2026-08-01T13:56:03+00:00,
rYQuEejjL50,False,0,,,,[],2026-08-01T13:56:06+00:00,
M6xTEnwZk6w,False,0,,,,[],2026-08-01T13:56:09+00:00,
n7qNyBP1lHE,False,0,,,,[],2026-08-01T13:56:12+00:00,
qKWNtFx1XGQ,False,0,,,,[],2026-08-01T13:56:15+00:00,
arKFsgNrwro,False,0,,,,[],2026-08-01T13:56:18+00:00,
MO4IeuSmo08,False,0,,,,[],2026-08-01T13:56:22+00:00,
goMkbrJ5znE,False,0,,,,[],2026-08-01T13:56:25+00:00,
nT_GlxMoTvQ,False,0,,,,[],2026-08-01T13:56:28+00:00,
Mz3kyHocFIc,False,0,,,,[],2026-08-01T13:56:31+00:00,
YpZaDMIYo1Q,False,0,,,,[],2026-08-01T13:56:34+00:00,
DmUrhTAdAD4,False,0,,,,[],2026-08-01T13:56:38+00:00,
bNRRvDQJfPA,False,0,,,,[],2026-08-01T13:56:40+00:00,
TxCukyE9Vvc,False,0,,,,[],2026-08-01T13:56:43+00:00,
NypCXWhqXKs,False,0,,,,[],2026-08-01T13:56:46+00:00,
dkBUbXP59Ko,False,0,,,,[],2026-08-01T13:56:49+00:00,
tXr_RXES6QQ,False,0,,,,[],2026-08-01T13:56:52+00:00,
waPMHq6NVT8,False,0,,,,[],2026-08-01T13:56:58+00:00,
q_chdlOOZRI,False,0,,,,[],2026-08-01T13:57:04+00:00,
3xe0koMUcfE,False,0,,,,[],2026-08-01T13:57:09+00:00,
WHkadKCrhqQ,False,0,,,,[],2026-08-01T13:57:12+00:00,
LY-PrNKJxsM,False,0,,,,[],2026-08-01T13:57:15+00:00,
Nat_gqfhqco,False,0,,,,[],2026-08-01T13:57:19+00:00,
7iLisyJtv08,True,1,Suggested by SME,Henry Mancini - The Pink Panther Theme (From The Pink Panther) (Official Audio),dtnNO5_Ao6U,"[{""label"": ""Suggested by SME"", ""values"": [""Henry Mancini - The Pink Panther Theme (From The Pink Panther) (Official Audio)""], ""video_ids"": [""dtnNO5_Ao6U""]}]",2026-08-01T13:57:22+00:00,
NmY28R9g89E,False,0,,,,[],2026-08-01T13:57:25+00:00,
gzpPMpf_pmA,False,0,,,,[],2026-08-01T13:57:28+00:00,
qjkWGYnwMbw,False,0,,,,[],2026-08-01T13:57:32+00:00,
B5unjOI-5PA,False,0,,,,[],2026-08-01T13:57:35+00:00,
T3cuwPoe3tA,False,0,,,,[],2026-08-01T13:57:38+00:00,
e_e7eL99pBU,False,0,,,,[],2026-08-01T13:57:41+00:00,
UqmqClOZRwg,False,0,,,,[],2026-08-01T13:57:44+00:00,
t0_1q3yTdCU,False,0,,,,[],2026-08-01T13:57:47+00:00,
NDMqzE0J3AY,False,0,,,,[],2026-08-01T13:57:50+00:00,
Lk9tkdCESzc,False,0,,,,[],2026-08-01T13:57:53+00:00,
LUAZ6UwEsaU,False,0,,,,[],2026-08-01T13:57:56+00:00,
ofvCL_U2Er0,False,0,,,,[],2026-08-01T13:57:59+00:00,
kxQdokoQXTA,False,0,,,,[],2026-08-01T13:58:03+00:00,
7vpP1F4L1xo,False,0,,,,[],2026-08-01T13:58:06+00:00,
5LvdQE0oHLU,False,0,,,,[],2026-08-01T13:58:10+00:00,
97eKFmfo81M,False,0,,,,[],2026-08-01T13:58:13+00:00,
WAE8wAs9FR0,False,0,,,,[],2026-08-01T13:58:16+00:00,
GUYB2fDpe9Q,False,0,,,,[],2026-08-01T13:58:18+00:00,
fJyapqhlMjE,False,0,,,,[],2026-08-01T13:58:21+00:00,
_xoYUJw1Hfg,False,0,,,,[],2026-08-01T13:58:24+00:00,
o4bvaRi-rmQ,False,0,,,,[],2026-08-01T13:58:27+00:00,
tAuhRHjW7VA,False,0,,,,[],2026-08-01T13:58:30+00:00,
rlywro2pHqw,False,0,,,,[],2026-08-01T13:58:32+00:00,
WzLmm318o80,False,0,,,,[],2026-08-01T13:58:36+00:00,
O1LDjwZcN9s,True,1,Suggested by UMG,Lola Indigo - LA REINA (Video Oficial),g_GB6ADqjOU,"[{""label"": ""Suggested by UMG"", ""values"": [""Lola Indigo - LA REINA (Video Oficial)""], ""video_ids"": [""g_GB6ADqjOU""]}]",2026-08-01T13:58:39+00:00,
I9hW_hYRLCI,False,0,,,,[],2026-08-01T13:58:46+00:00,
fLkqwqJCaow,False,0,,,,[],2026-08-01T13:58:51+00:00,
FUCyoOPdwUc,False,0,,,,[],2026-08-01T13:58:55+00:00,
NIjCAVy4yoA,False,0,,,,[],2026-08-01T13:59:00+00:00,
OVKzbOLDlFA,False,0,,,,[],2026-08-01T13:59:04+00:00,
wfs9eK8otg8,False,0,,,,[],2026-08-01T13:59:08+00:00,
oO9GgcTPJIM,False,0,,,,[],2026-08-01T13:59:12+00:00,
9ar153dXxcc,False,0,,,,[],2026-08-01T13:59:16+00:00,
NUyAGOvCJFQ,False,0,,,,[],2026-08-01T13:59:21+00:00,
QLRXsgR_mCI,False,0,,,,[],2026-08-01T13:59:26+00:00,
eXVMl1B1rks,False,0,,,,[],2026-08-01T13:59:30+00:00,
pZHA5XLoH_c,False,0,,,,[],2026-08-01T13:59:34+00:00,
cV4yqUdZS3k,False,0,,,,[],2026-08-01T13:59:39+00:00,
Ek4ZeurlKjw,False,0,,,,[],2026-08-01T13:59:44+00:00,
LTFdwmRrjBY,False,0,,,,[],2026-08-01T13:59:48+00:00,
xKIAGtRttaw,False,0,,,,[],2026-08-01T13:59:53+00:00,
cLAP5VdCAc8,False,0,,,,[],2026-08-01T13:59:56+00:00,
8ZXHMEFAfNo,False,0,,,,[],2026-08-01T14:00:01+00:00,
eN2Bn1QuBhU,False,0,,,,[],2026-08-01T14:00:04+00:00,
K2iU6Dl84Cg,True,1,Suggested by UMG,ABBA - Mamma Mia (Made In Sweden - For Export),DEzxxDy-vDA,"[{""label"": ""Suggested by UMG"", ""values"": [""ABBA - Mamma Mia (Made In Sweden - For Export)""], ""video_ids"": [""DEzxxDy-vDA""]}]",2026-08-01T14:00:07+00:00,
-tIeNlhQlDg,False,0,,,,[],2026-08-01T14:00:10+00:00,
bmgJman6_ho,False,0,,,,[],2026-08-01T14:00:12+00:00,
PxR8KBmDkSM,False,0,,,,[],2026-08-01T14:00:15+00:00,
upUFjVrN0i8,False,0,,,,[],2026-08-01T14:00:17+00:00,
Ha_5wRv-4sU,False,0,,,,[],2026-08-01T14:00:20+00:00,
3Uod7MNtIok,False,0,,,,[],2026-08-01T14:00:23+00:00,
8GqYC2kfggk,False,0,,,,[],2026-08-01T14:00:28+00:00,
TdS_e6ZrBC0,False,0,,,,[],2026-08-01T14:00:31+00:00,
HihCVmDFnnw,False,0,,,,[],2026-08-01T14:00:34+00:00,
LZeSjXQMvyc,False,0,,,,[],2026-08-01T14:00:38+00:00,
6bl5UzPlxtE,False,0,,,,[],2026-08-01T14:00:43+00:00,
qC_PRKGdMgk,False,0,,,,[],2026-08-01T14:00:47+00:00,
pv_4MVcjEik,False,0,,,,[],2026-08-01T14:00:52+00:00,
IfCuuiv9drk,True,1,Suggested by Just Entertainment,"Don Backy - CULT, VOL. 1-2 (Album Completo)",zhR8qfjpyag,"[{""label"": ""Suggested by Just Entertainment"", ""values"": [""Don Backy - CULT, VOL. 1-2 (Album Completo)""], ""video_ids"": [""zhR8qfjpyag""]}]",2026-08-01T14:00:56+00:00,
JFAzFdOamDA,False,0,,,,[],2026-08-01T14:00:59+00:00,
2-uOr0ZSGL0,False,0,,,,[],2026-08-01T14:01:02+00:00,
OPiH_zBJTA0,False,0,,,,[],2026-08-01T14:01:05+00:00,
4TDBR2IniV8,False,0,,,,[],2026-08-01T14:01:07+00:00,
bxYzvaEPm_I,False,0,,,,[],2026-08-01T14:01:09+00:00,
DNU5NBurfEE,True,1,Suggested by [Merlin] IDOL Distribution,Roads,hhm8emsoE6I,"[{""label"": ""Suggested by [Merlin] IDOL Distribution"", ""values"": [""Roads""], ""video_ids"": [""hhm8emsoE6I""]}]",2026-08-01T14:01:11+00:00,
xhQb_6ooXYM,False,0,,,,[],2026-08-01T14:01:14+00:00,
TXdTwYXESE8,False,0,,,,[],2026-08-01T14:01:16+00:00,
02TFo15xTDE,False,0,,,,[],2026-08-01T14:01:18+00:00,
LlshiOrrQkk,False,0,,,,[],2026-08-01T14:01:20+00:00,
UvuNYEX2F8Q,False,0,,,,[],2026-08-01T14:01:22+00:00,
Gm4Csg8_Z2I,False,0,,,,[],2026-08-01T14:01:25+00:00,
72TIBrWCc_s,False,0,,,,[],2026-08-01T14:01:28+00:00,
21TbEP5fQ1g,False,0,,,,[],2026-08-01T14:01:30+00:00,
EmP2r80o6RU,False,0,,,,[],2026-08-01T14:01:32+00:00,
GzsT0Un-yzM,False,0,,,,[],2026-08-01T14:01:35+00:00,
0nskJNqqDdM,False,0,,,,[],2026-08-01T14:01:37+00:00,
EJbI_w-Fktg,False,0,,,,[],2026-08-01T14:01:40+00:00,
RuPhyn4rfk0,False,0,,,,[],2026-08-01T14:01:43+00:00,
W7kG-O-u41w,False,0,,,,[],2026-08-01T14:01:46+00:00,
XZlWDs9Zge8,False,0,,,,[],2026-08-01T14:01:48+00:00,
n6sBvXJ1Upw,False,0,,,,[],2026-08-01T14:01:51+00:00,
RO0ws8Io19M,False,0,,,,[],2026-08-01T14:01:53+00:00,
ZNM35ezEGeM,False,0,,,,[],2026-08-01T14:01:55+00:00,
iCMxQyaQjzM,False,0,,,,[],2026-08-01T14:01:58+00:00,
iyFXOu6etNQ,False,0,,,,[],2026-08-01T14:02:01+00:00,
-ZoqTxj7rfQ,False,0,,,,[],2026-08-01T14:02:03+00:00,
s1eVDFd9meE,False,0,,,,[],2026-08-01T14:02:05+00:00,
iy-TqNmHoLg,False,0,,,,[],2026-08-01T14:02:07+00:00,
CRTZxK3yEH8,False,0,,,,[],2026-08-01T14:02:09+00:00,
cmyL6zHoFeY,False,0,,,,[],2026-08-01T14:02:12+00:00,
omw7gYJRc7A,False,0,,,,[],2026-08-01T14:02:14+00:00,
3bEwVKXicsQ,False,0,,,,[],2026-08-01T14:02:17+00:00,
Cwo1ZwjbfBg,False,0,,,,[],2026-08-01T14:02:19+00:00,
oCoUlIYmUfM,False,0,,,,[],2026-08-01T14:02:21+00:00,
mV2TGpdDfvE,False,0,,,,[],2026-08-01T14:02:26+00:00,
s5NikwXQhQQ,False,0,,,,[],2026-08-01T14:02:29+00:00,
dNlFGVJixUA,False,0,,,,[],2026-08-01T14:02:33+00:00,
jf-yXCiLD2E,False,0,,,,[],2026-08-01T14:02:37+00:00,
FBrjIC9anzg,False,0,,,,[],2026-08-01T14:02:40+00:00,
bugoZDFGfe8,False,0,,,,[],2026-08-01T14:02:42+00:00,
HQWbF7x1b9w,False,0,,,,[],2026-08-01T14:02:46+00:00,
aHoRCF6pf0I,False,0,,,,[],2026-08-01T14:02:50+00:00,
4R6gNneyO5c,False,0,,,,[],2026-08-01T14:02:54+00:00,
7v5AY7QdJQA,False,0,,,,[],2026-08-01T14:02:58+00:00,
8t7hzpg0dlg,False,0,,,,[],2026-08-01T14:03:02+00:00,
e1urTVhye64,False,0,,,,[],2026-08-01T14:03:06+00:00,
AalVRTuqyQw,False,0,,,,[],2026-08-01T14:03:10+00:00,
IqipbpCUrfY,False,0,,,,[],2026-08-01T14:03:14+00:00,
qNDzi744SCY,False,0,,,,[],2026-08-01T14:03:19+00:00,
0BdBDzNV8wM,False,0,,,,[],2026-08-01T14:03:23+00:00,
iAfOSpH2oEw,False,0,,,,[],2026-08-01T14:03:27+00:00,
xwZmZD6KFhE,False,0,,,,[],2026-08-01T14:03:31+00:00,
TsRukoHsytQ,False,0,,,,[],2026-08-01T14:03:36+00:00,
Z7ixgFUgruc,False,0,,,,[],2026-08-01T14:03:40+00:00,
KksQ0IcHiuk,False,0,,,,[],2026-08-01T14:03:44+00:00,
wFZRMVBffCY,False,0,,,,[],2026-08-01T14:03:46+00:00,
a-Ui2dncFZ0,False,0,,,,[],2026-08-01T14:03:49+00:00,
mORFqQ2Pi5M,False,0,,,,[],2026-08-01T14:03:51+00:00,
VOQYIYEfHQc,False,0,,,,[],2026-08-01T14:03:53+00:00,
YKOvyZiBsss,False,0,,,,[],2026-08-01T14:03:56+00:00,
vyTJKuAtbeg,False,0,,,,[],2026-08-01T14:03:58+00:00,
P-82k6qN3KU,False,0,,,,[],2026-08-01T14:04:00+00:00,
qYhj_GEOtFo,False,0,,,,[],2026-08-01T14:04:02+00:00,
kOGVCV4TAgY,False,0,,,,[],2026-08-01T14:04:04+00:00,
Ol-_OaPjBN0,False,0,,,,[],2026-08-01T14:04:06+00:00,
pAqud0uHruk,False,0,,,,[],2026-08-01T14:04:08+00:00,
w98pmmL9fh0,False,0,,,,[],2026-08-01T14:04:10+00:00,
L_5dGrklbqY,False,0,,,,[],2026-08-01T14:04:12+00:00,
3vQB7zlYtco,False,0,,,,[],2026-08-01T14:04:14+00:00,
eSGwM7ZNPnA,False,0,,,,[],2026-08-01T14:04:17+00:00,
2O9HN34yawo,False,0,,,,[],2026-08-01T14:04:19+00:00,
vZqFt9ZIW4w,False,0,,,,[],2026-08-01T14:04:21+00:00,
lw4-Qv8kdL4,False,0,,,,[],2026-08-01T14:04:24+00:00,
1e06wVK_It0,False,0,,,,[],2026-08-01T14:04:26+00:00,
tI8nk1ggm-k,False,0,,,,[],2026-08-01T14:04:28+00:00,
8r_Q9kcZ3SA,False,0,,,,[],2026-08-01T14:04:30+00:00,
tthDPL4z8kw,False,0,,,,[],2026-08-01T14:04:32+00:00,
C9Y8rmQIsU8,False,0,,,,[],2026-08-01T14:04:35+00:00,
alABhSPvMtU,False,0,,,,[],2026-08-01T14:04:37+00:00,
MQ3EYYJk3tA,False,0,,,,[],2026-08-01T14:04:39+00:00,
9nbEy4CLxHs,False,0,,,,[],2026-08-01T14:04:41+00:00,
f6VD3ITakLc,False,0,,,,[],2026-08-01T14:04:43+00:00,
744KvMTjI8o,False,0,,,,[],2026-08-01T14:04:45+00:00,
5h24tyLhaG4,False,0,,,,[],2026-08-01T14:04:47+00:00,
xUCWdI0_CHo,False,0,,,,[],2026-08-01T14:04:49+00:00,
HEcSGn_soZw,False,0,,,,[],2026-08-01T14:04:51+00:00,
zruwk12QBHk,False,0,,,,[],2026-08-01T14:04:54+00:00,
I7OQpkJuUng,False,0,,,,[],2026-08-01T14:04:56+00:00,
50l5B5sOBns,False,0,,,,[],2026-08-01T14:04:58+00:00,
fRoXRjGUAMI,False,0,,,,[],2026-08-01T14:05:00+00:00,
PI6koCSkYTA,False,0,,,,[],2026-08-01T14:05:02+00:00,
zyqWBVzMpFw,False,0,,,,[],2026-08-01T14:05:04+00:00,
VukZlFRCEEE,False,0,,,,[],2026-08-01T14:05:06+00:00,
6Yi4XMBeuRA,False,0,,,,[],2026-08-01T14:05:08+00:00,
KUfco-tCJyk,False,0,,,,[],2026-08-01T14:05:11+00:00,
KgVLvXPW-cA,False,0,,,,[],2026-08-01T14:05:13+00:00,
oSqEEu5m-iE,False,0,,,,[],2026-08-01T14:05:15+00:00,
yBuDm4QWeP0,False,0,,,,[],2026-08-01T14:05:17+00:00,
jJg5UCxtdO4,False,0,,,,[],2026-08-01T14:05:19+00:00,
_8-xNJcHBXY,False,0,,,,[],2026-08-01T14:05:21+00:00,
8dn6nxfcJSA,False,0,,,,[],2026-08-01T14:05:23+00:00,
LdGl76gtXRY,False,0,,,,[],2026-08-01T14:05:26+00:00,
75zxYmS3or8,False,0,,,,[],2026-08-01T14:05:28+00:00,
wwrMxk2hWb4,False,0,,,,[],2026-08-01T14:05:30+00:00,
oXp-0w-ROEM,False,0,,,,[],2026-08-01T14:05:32+00:00,
rh2-lZwbQ9s,False,0,,,,[],2026-08-01T14:05:34+00:00,
aeiBCku2UbE,False,0,,,,[],2026-08-01T14:05:36+00:00,
SVTouedZkkU,False,0,,,,[],2026-08-01T14:05:38+00:00,
YoVa3ycxg-E,False,0,,,,[],2026-08-01T14:05:40+00:00,
yW_p-x7N2bw,False,0,,,,[],2026-08-01T14:05:42+00:00,
57S07atPnaI,False,0,,,,[],2026-08-01T14:05:44+00:00,
mHi92lKcp90,False,0,,,,[],2026-08-01T14:05:47+00:00,
RWd5fVbXz9k,False,0,,,,[],2026-08-01T14:05:49+00:00,
Fyc5VWnAMog,False,0,,,,[],2026-08-01T14:05:51+00:00,
ZObebTTNacA,False,0,,,,[],2026-08-01T14:05:53+00:00,
iGuN0A4qWIU,False,0,,,,[],2026-08-01T14:05:55+00:00,
4vgmCuZn_Ok,False,0,,,,[],2026-08-01T14:05:57+00:00,
Z18dHpXGwQk,False,0,,,,[],2026-08-01T14:06:00+00:00,
yb1FKWf60ug,False,0,,,,[],2026-08-01T14:06:02+00:00,
2Fr3EAcZA9s,False,0,,,,[],2026-08-01T14:06:04+00:00,
nGaSEXyQwXo,False,0,,,,[],2026-08-01T14:06:06+00:00,
1xg6L8B7Z_M,False,0,,,,[],2026-08-01T14:06:08+00:00,
PTA3xIVA92Q,False,0,,,,[],2026-08-01T14:06:11+00:00,
Ky6n5_pKveM,False,0,,,,[],2026-08-01T14:06:13+00:00,
gAzcI3ksk-s,False,0,,,,[],2026-08-01T14:06:16+00:00,
XMQh3ZnUyYM,False,0,,,,[],2026-08-01T14:06:18+00:00,
5SCafg9ddio,False,0,,,,[],2026-08-01T14:06:21+00:00,
-awx6fK2h-k,False,0,,,,[],2026-08-01T14:06:24+00:00,
J4g5N8mot14,False,0,,,,[],2026-08-01T14:06:26+00:00,
iV-ApNITQ1U,False,0,,,,[],2026-08-01T14:06:28+00:00,
l-s7an5_Xos,False,0,,,,[],2026-08-01T14:06:30+00:00,
jZVDSlF5KsA,False,0,,,,[],2026-08-01T14:06:33+00:00,
ZJK7CXG4Rn8,False,0,,,,[],2026-08-01T14:06:35+00:00,
wzPFKJHpNMs,False,0,,,,[],2026-08-01T14:06:37+00:00,
9G0LtYA7lwc,False,0,,,,[],2026-08-01T14:06:39+00:00,
64W5De5fdts,False,0,,,,[],2026-08-01T14:06:41+00:00,
Egs7MLLWUHI,False,0,,,,[],2026-08-01T14:06:43+00:00,
omNYk1TQEYk,False,0,,,,[],2026-08-01T14:06:46+00:00,
Vd7-2UK0P-g,False,0,,,,[],2026-08-01T14:06:48+00:00,
U6_PAZlgrOo,False,0,,,,[],2026-08-01T14:06:50+00:00,
X3XVmII-YoA,False,0,,,,[],2026-08-01T14:06:52+00:00,
PyjE3Bg7VPQ,False,0,,,,[],2026-08-01T14:06:55+00:00,
gqX74mJk63I,False,0,,,,[],2026-08-01T14:06:57+00:00,
hfQb2B0KVs4,False,0,,,,[],2026-08-01T14:06:59+00:00,
DZERKfVqWmc,False,0,,,,[],2026-08-01T14:07:01+00:00,
mrIUW3fCUUo,False,0,,,,[],2026-08-01T14:07:03+00:00,
E0apclx3wqU,False,0,,,,[],2026-08-01T14:07:05+00:00,
3UZOwmPovQ4,False,0,,,,[],2026-08-01T14:07:08+00:00,
lO4fAllxmwc,False,0,,,,[],2026-08-01T14:07:10+00:00,
L3CiQABljX8,False,0,,,,[],2026-08-01T14:07:13+00:00,
FtICIlsQLTA,False,0,,,,[],2026-08-01T14:07:15+00:00,
lEnpko13tr0,False,0,,,,[],2026-08-01T14:07:17+00:00,
syOoThNi4Xs,False,0,,,,[],2026-08-01T14:07:19+00:00,
J8d87i6o5Sw,False,0,,,,[],2026-08-01T14:07:21+00:00,
fGgYL8ceT-s,False,0,,,,[],2026-08-01T14:07:24+00:00,
96mxdWDAUZU,False,0,,,,[],2026-08-01T14:07:26+00:00,
dtB4fvHeUM8,False,0,,,,[],2026-08-01T14:07:28+00:00,
hvEGBlNOiu0,False,0,,,,[],2026-08-01T14:07:30+00:00,
i6OOJVFZuw0,False,0,,,,[],2026-08-01T14:07:32+00:00,
hg2wB7YOT_E,False,0,,,,[],2026-08-01T14:07:34+00:00,
SQw0AhjhCPg,False,0,,,,[],2026-08-01T14:07:36+00:00,
Tx4PpH29Dtw,False,0,,,,[],2026-08-01T14:07:39+00:00,
ZCKToD60iNY,False,0,,,,[],2026-08-01T14:07:42+00:00,
HuwjAoOzPXQ,False,0,,,,[],2026-08-01T14:07:44+00:00,
K6xpw9baTrY,False,0,,,,[],2026-08-01T14:07:46+00:00,
CcDMgyCFmVk,False,0,,,,[],2026-08-01T14:07:48+00:00,
3zwRnUyE2Lw,False,0,,,,[],2026-08-01T14:07:50+00:00,
h7IqrsqBy1M,False,0,,,,[],2026-08-01T14:07:52+00:00,
VU8zjC3tRtk,False,0,,,,[],2026-08-01T14:07:54+00:00,
zcRPQIR6CYk,False,0,,,,[],2026-08-01T14:07:56+00:00,
-VwDzvytdbc,False,0,,,,[],2026-08-01T14:07:59+00:00,
Xl9mFRcvF6Y,False,0,,,,[],2026-08-01T14:08:01+00:00,
DDKIuEPoY5Y,False,0,,,,[],2026-08-01T14:08:04+00:00,
aYpOwxAtRuI,False,0,,,,[],2026-08-01T14:08:07+00:00,
2V15_8OeTto,False,0,,,,[],2026-08-01T14:08:09+00:00,
u1EtmLaMt5Y,False,0,,,,[],2026-08-01T14:08:11+00:00,
o_E51E2o07Y,False,0,,,,[],2026-08-01T14:08:13+00:00,
R6VbgKcNBYY,False,0,,,,[],2026-08-01T14:08:15+00:00,
83J-iWzByxo,False,0,,,,[],2026-08-01T14:08:17+00:00,
XnG-IxtQs2Y,False,0,,,,[],2026-08-01T14:08:19+00:00,
7k0hfLEtvmQ,False,0,,,,[],2026-08-01T14:08:21+00:00,
f1rGyGwoJ68,False,0,,,,[],2026-08-01T14:08:24+00:00,
R37WlCTJ_CI,False,0,,,,[],2026-08-01T14:08:26+00:00,
rGxJc7LyiKs,False,0,,,,[],2026-08-01T14:08:28+00:00,
vbWvlxJnC_w,False,0,,,,[],2026-08-01T14:08:30+00:00,
Y9fj6fuNFfA,False,0,,,,[],2026-08-01T14:08:32+00:00,
_OF9JzCnuPY,False,0,,,,[],2026-08-01T14:08:34+00:00,
Xk6LJCfLsSU,True,1,Suggested by UMG,Serge Gainsbourg – Ballade de Melody Nelson (Music Video directed by Christophe Honoré),2o165uRDuYU,"[{""label"": ""Suggested by UMG"", ""values"": [""Serge Gainsbourg – Ballade de Melody Nelson (Music Video directed by Christophe Honoré)""], ""video_ids"": [""2o165uRDuYU""]}]",2026-08-01T14:08:37+00:00,
Ehr0llqH58A,False,0,,,,[],2026-08-01T14:08:39+00:00,
7KKsmTxazyY,False,0,,,,[],2026-08-01T14:08:41+00:00,
kc_5NV5QkFI,False,0,,,,[],2026-08-01T14:08:43+00:00,
3d2XLlAcU6s,False,0,,,,[],2026-08-01T14:08:45+00:00,
Jbh5eTLRTlI,False,0,,,,[],2026-08-01T14:08:48+00:00,
no4ep1gH5g4,False,0,,,,[],2026-08-01T14:08:50+00:00,
g_3SkZC0-RE,True,1,Suggested by SME,Avril Lavigne - Girlfriend (Official Video),Bg59q4puhmg,"[{""label"": ""Suggested by SME"", ""values"": [""Avril Lavigne - Girlfriend (Official Video)""], ""video_ids"": [""Bg59q4puhmg""]}]",2026-08-01T14:08:52+00:00,
Vh6QG5UZdFc,False,0,,,,[],2026-08-01T14:08:54+00:00,
Y4EO-zo7DDM,False,0,,,,[],2026-08-01T14:08:56+00:00,
bG0Vzk2SuQU,False,0,,,,[],2026-08-01T14:08:58+00:00,
-WWA2YfdNrg,False,0,,,,[],2026-08-01T14:09:01+00:00,
C1hueP-askc,False,0,,,,[],2026-08-01T14:09:03+00:00,
VFajwBRJxc4,False,0,,,,[],2026-08-01T14:09:05+00:00,
amnE17M7PL8,False,0,,,,[],2026-08-01T14:09:08+00:00,
JmTVyvlDssA,False,0,,,,[],2026-08-01T14:09:10+00:00,
HB8G9zual8A,False,0,,,,[],2026-08-01T14:09:12+00:00,
My_7yrhaguw,False,0,,,,[],2026-08-01T14:09:14+00:00,
DeOxiMRihZ0,False,0,,,,[],2026-08-01T14:09:16+00:00,
qunPSBfJJW4,False,0,,,,[],2026-08-01T14:09:18+00:00,
FSkB_ZHQEsk,False,0,,,,[],2026-08-01T14:09:21+00:00,
aKTubiR1dpo,False,0,,,,[],2026-08-01T14:09:23+00:00,
2JwlYWOsMS0,False,0,,,,[],2026-08-01T14:09:25+00:00,
8QT38vnwbDU,False,0,,,,[],2026-08-01T14:09:28+00:00,
4qxINXiM5J8,False,0,,,,[],2026-08-01T14:09:30+00:00,
zO1m7yd-HEQ,False,0,,,,[],2026-08-01T14:09:32+00:00,
Q3rLzYhBZIU,False,0,,,,[],2026-08-01T14:09:35+00:00,
N62KSExTcBU,False,0,,,,[],2026-08-01T14:09:37+00:00,
vjxy9-s0sqU,False,0,,,,[],2026-08-01T14:09:39+00:00,
oPm64B_oPe4,False,0,,,,[],2026-08-01T14:09:41+00:00,
XaYIbCf91Ds,False,0,,,,[],2026-08-01T14:09:43+00:00,
cgaTVZKUFuY,False,0,,,,[],2026-08-01T14:09:46+00:00,
TDi8zy_55LU,False,0,,,,[],2026-08-01T14:09:48+00:00,
tKigCXpjzt4,False,0,,,,[],2026-08-01T14:09:51+00:00,
jPbZPMl8Zmc,False,0,,,,[],2026-08-01T14:09:53+00:00,
qRZMxJQMlUg,False,0,,,,[],2026-08-01T14:09:55+00:00,
NOD6acxtpFE,False,0,,,,[],2026-08-01T14:09:58+00:00,
XI9QMVHkcIg,False,0,,,,[],2026-08-01T14:10:00+00:00,
xk6bJP_9vh4,False,0,,,,[],2026-08-01T14:10:02+00:00,
5CrwzEiLl8Q,False,0,,,,[],2026-08-01T14:10:06+00:00,
_rD_6sDaJ7U,False,0,,,,[],2026-08-01T14:10:09+00:00,
UKLBaltVKKc,False,0,,,,[],2026-08-01T14:10:11+00:00,
40ukYPvfUmI,False,0,,,,[],2026-08-01T14:10:13+00:00,
EzBimQbJTPM,False,0,,,,[],2026-08-01T14:10:15+00:00,
-KoZV7oGH3A,False,0,,,,[],2026-08-01T14:10:17+00:00,
vd_n882n8AU,False,0,,,,[],2026-08-01T14:10:20+00:00,
W0XFxz082oE,False,0,,,,[],2026-08-01T14:10:22+00:00,
DRblWvbacrM,False,0,,,,[],2026-08-01T14:10:24+00:00,
CbgLxVY0sks,False,0,,,,[],2026-08-01T14:10:26+00:00,
VRUVd4SQ7Mo,False,0,,,,[],2026-08-01T14:10:29+00:00,
5LRCQjkTqP0,False,0,,,,[],2026-08-01T14:10:31+00:00,
F7TPxt1wSDk,False,0,,,,[],2026-08-01T14:10:33+00:00,
OKKWXnxY9hw,False,0,,,,[],2026-08-01T14:10:35+00:00,
cZlUHn9xle8,False,0,,,,[],2026-08-01T14:10:37+00:00,
Vn0F9v68HP8,True,1,Suggested by Just Entertainment,"Don Backy - CULT, VOL. 1-2 (Album Completo)",zhR8qfjpyag,"[{""label"": ""Suggested by Just Entertainment"", ""values"": [""Don Backy - CULT, VOL. 1-2 (Album Completo)""], ""video_ids"": [""zhR8qfjpyag""]}]",2026-08-01T14:10:40+00:00,
9OIvv9v7fh8,False,0,,,,[],2026-08-01T14:10:42+00:00,
t6kKe5nAddg,False,0,,,,[],2026-08-01T14:10:44+00:00,
shLrtQlHw6Q,True,1,Suggested by SME,Michael Jackson - Thriller (Official 4K Video),sOnqjkJTMaA,"[{""label"": ""Suggested by SME"", ""values"": [""Michael Jackson - Thriller (Official 4K Video)""], ""video_ids"": [""sOnqjkJTMaA""]}]",2026-08-01T14:10:46+00:00,
DMBmsT6qhSU,False,0,,,,[],2026-08-01T14:10:49+00:00,
nfioZxPLwBg,False,0,,,,[],2026-08-01T14:10:51+00:00,
CFm_JkzEL8Q,False,0,,,,[],2026-08-01T14:10:54+00:00,
aysbdAuVO4c,False,0,,,,[],2026-08-01T14:10:56+00:00,
7arnxebkEUU,False,0,,,,[],2026-08-01T14:10:58+00:00,
upv-Sbiitss,False,0,,,,[],2026-08-01T14:11:00+00:00,
AXFZ8ymj--w,False,0,,,,[],2026-08-01T14:11:03+00:00,
VGUGkjpM0QA,False,0,,,,[],2026-08-01T14:11:06+00:00,
a_KLb1uX_mc,False,0,,,,[],2026-08-01T14:11:08+00:00,
6FXHg3S0F-0,False,0,,,,[],2026-08-01T14:11:14+00:00,
YPieQWuJJFg,False,0,,,,[],2026-08-01T14:11:16+00:00,
87QkHyAc5HA,False,0,,,,[],2026-08-01T14:11:19+00:00,
65lQYk5SUAY,False,0,,,,[],2026-08-01T14:11:21+00:00,
ZQir3l1VrVo,False,0,,,,[],2026-08-01T14:11:23+00:00,
ZkgP8yeiX1o,False,0,,,,[],2026-08-01T14:11:26+00:00,
K_kuz43dZJc,False,0,,,,[],2026-08-01T14:11:29+00:00,
iPCRAW_Jecc,False,0,,,,[],2026-08-01T14:11:31+00:00,
2BGZJaFd2Vw,False,0,,,,[],2026-08-01T14:11:33+00:00,
dXWm_NEWbfM,False,0,,,,[],2026-08-01T14:11:35+00:00,
YyWl8raGwyg,False,0,,,,[],2026-08-01T14:11:37+00:00,
ZVSYU_ez_dY,False,0,,,,[],2026-08-01T14:11:39+00:00,
LUxG_e5VkFg,False,0,,,,[],2026-08-01T14:11:41+00:00,
btAbpgvXu5M,False,0,,,,[],2026-08-01T14:11:44+00:00,
lfKiq6Qe880,False,0,,,,[],2026-08-01T14:11:46+00:00,
ETyz3YbZ2ls,False,0,,,,[],2026-08-01T14:11:48+00:00,
azdBBWrI2J4,False,0,,,,[],2026-08-01T14:11:50+00:00,
_cMkRK3tFQw,False,0,,,,[],2026-08-01T14:11:53+00:00,
jNR8Sr9uLPs,False,0,,,,[],2026-08-01T14:11:55+00:00,
4gYSgEpSsYc,False,0,,,,[],2026-08-01T14:11:57+00:00,
CRcYPJ-KLs4,True,1,Suggested by SME,Michael Jackson - Thriller (Official 4K Video),sOnqjkJTMaA,"[{""label"": ""Suggested by SME"", ""values"": [""Michael Jackson - Thriller (Official 4K Video)""], ""video_ids"": [""sOnqjkJTMaA""]}]",2026-08-01T14:11:59+00:00,
HCTKe3SwUHU,False,0,,,,[],2026-08-01T14:12:02+00:00,
xq3hpMwZF4E,False,0,,,,[],2026-08-01T14:12:04+00:00,
u8euvFfUWWw,False,0,,,,[],2026-08-01T14:12:06+00:00,
HtqqKTTiU3w,False,0,,,,[],2026-08-01T14:12:08+00:00,
F65-KmCZpNc,False,0,,,,[],2026-08-01T14:12:10+00:00,
BueL5UsNsqM,False,0,,,,[],2026-08-01T14:12:13+00:00,
H_AWoRuyy5U,False,0,,,,[],2026-08-01T14:12:15+00:00,
CDdaWrIjalo,False,0,,,,[],2026-08-01T14:12:17+00:00,
AJV8j3XuVpM,False,0,,,,[],2026-08-01T14:12:19+00:00,
uWqLz0r8xPM,False,0,,,,[],2026-08-01T14:12:21+00:00,
SCeGm1WOxIE,False,0,,,,[],2026-08-01T14:12:24+00:00,
iXQc7hUtK2I,False,0,,,,[],2026-08-01T14:12:26+00:00,
moCyanUBWps,False,0,,,,[],2026-08-01T14:12:28+00:00,
smPgnvUoJtU,False,0,,,,[],2026-08-01T14:12:31+00:00,
l6kHHRGPdZ4,False,0,,,,[],2026-08-01T14:12:33+00:00,
uLfQ7nMfIHE,False,0,,,,[],2026-08-01T14:12:36+00:00,
kBuXMQxDwcs,False,0,,,,[],2026-08-01T14:12:38+00:00,
0izSdtGfw28,False,0,,,,[],2026-08-01T14:12:40+00:00,
dZ3hUkD1IiM,False,0,,,,[],2026-08-01T14:12:43+00:00,
mSEqnf0_IJI,False,0,,,,[],2026-08-01T14:12:46+00:00,
l4p3EXW1MEM,False,0,,,,[],2026-08-01T14:12:49+00:00,
KoorLL0vjEM,False,0,,,,[],2026-08-01T14:12:52+00:00,
HJ_hMRZ8m9c,False,0,,,,[],2026-08-01T14:12:55+00:00,
g-SU604xRK0,False,0,,,,[],2026-08-01T14:12:58+00:00,
_z9rT98bk0Q,False,0,,,,[],2026-08-01T14:13:01+00:00,
QL4ZKNEWB7c,False,0,,,,[],2026-08-01T14:13:03+00:00,
TraHCDDqKY8,False,0,,,,[],2026-08-01T14:13:06+00:00,
KcBfrqmfrAE,False,0,,,,[],2026-08-01T14:13:09+00:00,
eK9amfuPTP8,False,0,,,,[],2026-08-01T14:13:12+00:00,
Rb7gaPBURwU,False,0,,,,[],2026-08-01T14:13:15+00:00,
-oFwyHwg4TM,False,0,,,,[],2026-08-01T14:13:19+00:00,
Py6AzpZpc-Y,False,0,,,,[],2026-08-01T14:13:22+00:00,
vbsC8iAwZE4,False,0,,,,[],2026-08-01T14:13:25+00:00,
I2pX4UZ4gJU,False,0,,,,[],2026-08-01T14:13:28+00:00,
GfQNUC7DKrE,False,0,,,,[],2026-08-01T14:13:30+00:00,
s-zo29VaCao,False,0,,,,[],2026-08-01T14:13:33+00:00,
vtWIG1U1Qwk,False,0,,,,[],2026-08-01T14:13:36+00:00,
CGR8uTdJp6s,False,0,,,,[],2026-08-01T14:13:39+00:00,
b0lucYjqlUM,False,0,,,,[],2026-08-01T14:13:42+00:00,
XJ6L4B2mluA,False,0,,,,[],2026-08-01T14:13:45+00:00,
goJ9ovQEtSQ,False,0,,,,[],2026-08-01T14:13:47+00:00,
eYibG0176rM,False,0,,,,[],2026-08-01T14:13:49+00:00,
QDEwQvMl_Lk,False,0,,,,[],2026-08-01T14:13:51+00:00,
bzVJUkNNJ9Q,False,0,,,,[],2026-08-01T14:13:54+00:00,
qoKYgIYwdXM,False,0,,,,[],2026-08-01T14:13:56+00:00,
Txt4gqlSNo8,False,0,,,,[],2026-08-01T14:13:58+00:00,
iptptJJZBT0,False,0,,,,[],2026-08-01T14:14:01+00:00,
4AW-D43CgQs,False,0,,,,[],2026-08-01T14:14:03+00:00,
wqdP7jduzXo,False,0,,,,[],2026-08-01T14:14:07+00:00,
h1j5ZsxTEPA,False,0,,,,[],2026-08-01T14:14:09+00:00,
ty8VH9jpVkU,False,0,,,,[],2026-08-01T14:14:11+00:00,
0Aoy7CHMZvA,False,0,,,,[],2026-08-01T14:14:14+00:00,
iZWWe6T5hFI,False,0,,,,[],2026-08-01T14:14:17+00:00,
w4-Yja-omx8,False,0,,,,[],2026-08-01T14:14:20+00:00,
vy4T7AtWBpw,False,0,,,,[],2026-08-01T14:14:22+00:00,
2yBuEs8UXcE,False,0,,,,[],2026-08-01T14:14:25+00:00,
p8koB5Dx5x8,False,0,,,,[],2026-08-01T14:14:28+00:00,
jLZNtQKFoAc,False,0,,,,[],2026-08-01T14:14:30+00:00,
K9BDnmNx4Ic,False,0,,,,[],2026-08-01T14:14:33+00:00,
4Vai3furaS8,False,0,,,,[],2026-08-01T14:14:35+00:00,
TBpD6dgtVXM,False,0,,,,[],2026-08-01T14:14:37+00:00,
wf5bdasrfao,False,0,,,,[],2026-08-01T14:14:40+00:00,
z2jGcE3O2yA,False,0,,,,[],2026-08-01T14:14:42+00:00,
EzQr9kXIp0U,False,0,,,,[],2026-08-01T14:14:44+00:00,
13-sTb5uYH8,False,0,,,,[],2026-08-01T14:14:47+00:00,
tC0oTbzztk8,False,0,,,,[],2026-08-01T14:14:49+00:00,
5whA7Y64K-s,False,0,,,,[],2026-08-01T14:14:52+00:00,
OiLneEZ-2xk,False,0,,,,[],2026-08-01T14:14:54+00:00,
5jDf-ByIAB0,False,0,,,,[],2026-08-01T14:14:57+00:00,
Ih6PZ4KK4v0,False,0,,,,[],2026-08-01T14:15:00+00:00,
FtfabcuKOD4,False,0,,,,[],2026-08-01T14:15:03+00:00,
lJxT04MIuaQ,False,0,,,,[],2026-08-01T14:15:05+00:00,
jXXdxRcmpNY,False,0,,,,[],2026-08-01T14:15:08+00:00,
2T3Et10cvcg,False,0,,,,[],2026-08-01T14:15:11+00:00,
su_eh7PKgWc,False,0,,,,[],2026-08-01T14:15:13+00:00,
v3BNi5Juk0Y,False,0,,,,[],2026-08-01T14:15:15+00:00,
xaVdaU-N7Gw,False,0,,,,[],2026-08-01T14:15:18+00:00,
hvUyvsaVmQQ,False,0,,,,[],2026-08-01T14:15:20+00:00,
YP4Q6dkI_0o,False,0,,,,[],2026-08-01T14:15:22+00:00,
rktRofsEmtg,False,0,,,,[],2026-08-01T14:15:26+00:00,
Y6B0evY1AnM,False,0,,,,[],2026-08-01T14:15:29+00:00,
kIc8JOhTGbE,False,0,,,,[],2026-08-01T14:15:33+00:00,
A2TJpch1-tw,False,0,,,,[],2026-08-01T14:15:36+00:00,
4om4XkM1oFw,False,0,,,,[],2026-08-01T14:15:39+00:00,
AflDz3lCrhk,False,0,,,,[],2026-08-01T14:15:43+00:00,
be_Bps_kR2M,False,0,,,,[],2026-08-01T14:15:46+00:00,
0iKAm_aZ7Og,False,0,,,,[],2026-08-01T14:15:49+00:00,
S8bCsNnNnJE,False,0,,,,[],2026-08-01T14:15:52+00:00,
IvbvzjzEYmM,False,0,,,,[],2026-08-01T14:15:57+00:00,
1knVCwhPp4A,False,0,,,,[],2026-08-01T14:16:03+00:00,
H-vL_9n6yVk,False,0,,,,[],2026-08-01T14:16:09+00:00,
fqeoB0CKcY4,False,0,,,,[],2026-08-01T14:16:14+00:00,
QVR7aa5cb5I,False,0,,,,[],2026-08-01T14:16:19+00:00,
379BAt3RevQ,False,0,,,,[],2026-08-01T14:16:24+00:00,
e3ZzwEC5pZ0,False,0,,,,[],2026-08-01T14:16:29+00:00,
c2e4SgVd2AU,False,0,,,,[],2026-08-01T14:16:34+00:00,
yzBeTsyR8ys,False,0,,,,[],2026-08-01T14:16:39+00:00,
Cx4bMlneeh8,False,0,,,,[],2026-08-01T14:16:44+00:00,
uObBR5ju488,False,0,,,,[],2026-08-01T14:16:48+00:00,
D5ghxWk70u4,False,0,,,,[],2026-08-01T14:16:50+00:00,
l6xts0RYR_k,False,0,,,,[],2026-08-01T14:16:53+00:00,
HW_cVMBa8bU,False,0,,,,[],2026-08-01T14:16:55+00:00,
ow1FfDmKv6c,False,0,,,,[],2026-08-01T14:16:57+00:00,
HrjZOMeOMzw,False,0,,,,[],2026-08-01T14:16:59+00:00,
mvt-WTopZbM,False,0,,,,[],2026-08-01T14:17:02+00:00,
6iR5oe-tj3g,False,0,,,,[],2026-08-01T14:17:04+00:00,
aOZ3vbc1iFA,False,0,,,,[],2026-08-01T14:17:06+00:00,
ZRx834p4chA,False,0,,,,[],2026-08-01T14:17:09+00:00,
cbR5i3gj684,False,0,,,,[],2026-08-01T14:17:11+00:00,
Khc_Ct08b9k,False,0,,,,[],2026-08-01T14:17:14+00:00,
dwXDsd5eBsE,False,0,,,,[],2026-08-01T14:17:16+00:00,
WuzT_vKu-u4,False,0,,,,[],2026-08-01T14:17:20+00:00,
Rf1XdRbItq4,False,0,,,,[],2026-08-01T14:17:24+00:00,
XrCXyZfs3qE,False,0,,,,[],2026-08-01T14:17:27+00:00,
9waE9oRnddw,False,0,,,,[],2026-08-01T14:17:31+00:00,
oguQU4NqIKM,False,0,,,,[],2026-08-01T14:17:34+00:00,
mHr8lcIK5AI,False,0,,,,[],2026-08-01T14:17:37+00:00,
9UhfhxILg4o,False,0,,,,[],2026-08-01T14:17:39+00:00,
SyfTHFAZynE,False,0,,,,[],2026-08-01T14:17:41+00:00,
417TLKVD54U,False,0,,,,[],2026-08-01T14:17:44+00:00,
e348pjjIcWE,False,0,,,,[],2026-08-01T14:17:46+00:00,
udiaDq37-_E,False,0,,,,[],2026-08-01T14:17:49+00:00,
P4FOCwZYSnk,False,0,,,,[],2026-08-01T14:17:51+00:00,
yR5uv3YX0yk,False,0,,,,[],2026-08-01T14:17:54+00:00,
4vDiBlRmFwI,False,0,,,,[],2026-08-01T14:17:56+00:00,
ZHNMkOQ6WpM,False,0,,,,[],2026-08-01T14:17:59+00:00,
cIU6H6DTLr8,False,0,,,,[],2026-08-01T14:18:02+00:00,
sOWmXDL8T68,False,0,,,,[],2026-08-01T14:18:04+00:00,
8XgcIFcc0TI,False,0,,,,[],2026-08-01T14:18:07+00:00,
uXOTZyBMya8,False,0,,,,[],2026-08-01T14:18:10+00:00,
kKDydl5jRAY,False,0,,,,[],2026-08-01T14:18:13+00:00,
088OKSJV3QE,False,0,,,,[],2026-08-01T14:18:16+00:00,
SlLwcM9y00w,False,0,,,,[],2026-08-01T14:18:19+00:00,
t79x_fKiVEk,False,0,,,,[],2026-08-01T14:18:22+00:00,
rojemkApj58,False,0,,,,[],2026-08-01T14:18:25+00:00,
fCpr6SFJQsE,False,0,,,,[],2026-08-01T14:18:27+00:00,
16m0-82_Igs,False,0,,,,[],2026-08-01T14:18:31+00:00,
41OefT1qctA,False,0,,,,[],2026-08-01T14:18:33+00:00,
ZzXCdsQAvEY,False,0,,,,[],2026-08-01T14:18:37+00:00,
gCYod49MYII,False,0,,,,[],2026-08-01T14:18:39+00:00,
an_rQSvxrIM,False,0,,,,[],2026-08-01T14:18:41+00:00,
qbbhZKAVpmE,False,0,,,,[],2026-08-01T14:18:44+00:00,
1KxxApbZa6M,False,0,,,,[],2026-08-01T14:18:47+00:00,
3DXxAzfrU40,False,0,,,,[],2026-08-01T14:18:50+00:00,
4fWY133vYDs,False,0,,,,[],2026-08-01T14:18:52+00:00,
15y8SiYBMRI,False,0,,,,[],2026-08-01T14:18:54+00:00,
oiqDhLquNDU,False,0,,,,[],2026-08-01T14:18:57+00:00,
TZJwfWvvv60,False,0,,,,[],2026-08-01T14:19:00+00:00,
koteRzVQrM4,False,0,,,,[],2026-08-01T14:19:02+00:00,
rg8L5MqjDF4,True,1,Suggested by UMG,Amy Winehouse - Love Is A Losing Game (Lyric Video),_TWnTrC8fWs,"[{""label"": ""Suggested by UMG"", ""values"": [""Amy Winehouse - Love Is A Losing Game (Lyric Video)""], ""video_ids"": [""_TWnTrC8fWs""]}]",2026-08-01T14:19:05+00:00,
331ZGPNEFBs,False,0,,,,[],2026-08-01T14:19:09+00:00,
spddQrkdohk,False,0,,,,[],2026-08-01T14:19:11+00:00,
N5eryth3Jno,False,0,,,,[],2026-08-01T14:19:14+00:00,
TDBsXssmjQk,False,0,,,,[],2026-08-01T14:19:16+00:00,
WThp6Z2KXgU,False,0,,,,[],2026-08-01T14:19:19+00:00,
O6bcr3JS9tY,False,0,,,,[],2026-08-01T14:19:22+00:00,
keoWCJkrdqs,False,0,,,,[],2026-08-01T14:19:25+00:00,
md3Fg6xgJfo,False,0,,,,[],2026-08-01T14:19:28+00:00,
kolSov5YzHw,False,0,,,,[],2026-08-01T14:19:30+00:00,
ipVYU1B3mTs,False,0,,,,[],2026-08-01T14:19:33+00:00,
HHQFrPhkFhE,False,0,,,,[],2026-08-01T14:19:35+00:00,
BJnORz1WFMo,False,0,,,,[],2026-08-01T14:19:37+00:00,
8U7grHLj-uY,False,0,,,,[],2026-08-01T14:19:40+00:00,
2311QdBFp4o,False,0,,,,[],2026-08-01T14:19:43+00:00,
4SBSBGc4dcc,False,0,,,,[],2026-08-01T14:19:46+00:00,
pi2au8rx0XQ,False,0,,,,[],2026-08-01T14:19:48+00:00,
YxcS2fTHrII,False,0,,,,[],2026-08-01T14:19:51+00:00,
DvZ-qwJ9C0Y,False,0,,,,[],2026-08-01T14:19:55+00:00,
ixUFJhp7iXQ,False,0,,,,[],2026-08-01T14:19:58+00:00,
5hTfIoA547g,False,0,,,,[],2026-08-01T14:20:01+00:00,
hBNHfoPXyME,True,1,Suggested by SME,Henry Mancini - The Pink Panther Theme (From The Pink Panther) (Official Audio),dtnNO5_Ao6U,"[{""label"": ""Suggested by SME"", ""values"": [""Henry Mancini - The Pink Panther Theme (From The Pink Panther) (Official Audio)""], ""video_ids"": [""dtnNO5_Ao6U""]}]",2026-08-01T14:20:04+00:00,
fRUGy2n63JY,False,0,,,,[],2026-08-01T14:20:08+00:00,
PxsWkmJXfZY,False,0,,,,[],2026-08-01T14:20:10+00:00,
gDUYrHF4s14,False,0,,,,[],2026-08-01T14:20:14+00:00,
7-ecmDcVc08,False,0,,,,[],2026-08-01T14:20:17+00:00,
RcTQt_nnpbA,False,0,,,,[],2026-08-01T14:20:20+00:00,
sSIXTq8KlTw,False,0,,,,[],2026-08-01T14:20:23+00:00,
T9eF1pzS0Gw,False,0,,,,[],2026-08-01T14:20:26+00:00,
SWF0HecSwYA,False,0,,,,[],2026-08-01T14:20:30+00:00,
d3AsbzNxb5c,False,0,,,,[],2026-08-01T14:20:35+00:00,
Ib9yBOygb0w,False,0,,,,[],2026-08-01T14:20:40+00:00,
BpMQ8COre60,False,0,,,,[],2026-08-01T14:20:45+00:00,
qwoJ8e5gQ1M,False,0,,,,[],2026-08-01T14:20:50+00:00,
CkZ0ApWf49s,False,0,,,,[],2026-08-01T14:20:55+00:00,
WVWD4XSgcgs,False,0,,,,[],2026-08-01T14:20:59+00:00,
qjMR_AJZwLc,False,0,,,,[],2026-08-01T14:21:04+00:00,
vYkDOl0_-vs,False,0,,,,[],2026-08-01T14:21:08+00:00,
mP36bTMUBUU,False,0,,,,[],2026-08-01T14:21:13+00:00,
xVpyEOc0y_Y,False,0,,,,[],2026-08-01T14:21:18+00:00,
1VQg6CN7eH8,False,0,,,,[],2026-08-01T14:21:22+00:00,
NIZVoe-eji8,False,0,,,,[],2026-08-01T14:21:26+00:00,
85ZJo9VyhWA,False,0,,,,[],2026-08-01T14:21:31+00:00,
Edx0cGNBq_Q,False,0,,,,[],2026-08-01T14:21:35+00:00,
rIE7ZYX5WtI,False,0,,,,[],2026-08-01T14:21:40+00:00,
C4IPn7C4Gg0,False,0,,,,[],2026-08-01T14:21:44+00:00,
harP-lMl-aA,False,0,,,,[],2026-08-01T14:21:48+00:00,
d6r41kkDJvA,False,0,,,,[],2026-08-01T14:21:52+00:00,
tURQnf_trY0,False,0,,,,[],2026-08-01T14:21:57+00:00,
bVP8dzuxVkY,False,0,,,,[],2026-08-01T14:22:01+00:00,
a3yO4k2Z6Vw,False,0,,,,[],2026-08-01T14:22:05+00:00,
5sXTp5UE-Vg,False,0,,,,[],2026-08-01T14:22:09+00:00,
cr5PqDj2YBA,False,0,,,,[],2026-08-01T14:22:12+00:00,
Qe6HjBcKqao,False,0,,,,[],2026-08-01T14:22:16+00:00,
jXTFiwKEMVE,False,0,,,,[],2026-08-01T14:22:20+00:00,
wxieqyrzFss,False,0,,,,[],2026-08-01T14:22:23+00:00,
f0rkpSeKoEo,False,0,,,,[],2026-08-01T14:22:28+00:00,
HlgdRBKwBM0,False,0,,,,[],2026-08-01T14:22:32+00:00,
DNGjblhdcNk,False,0,,,,[],2026-08-01T14:22:36+00:00,
M1hWImC8Vl4,False,0,,,,[],2026-08-01T14:22:41+00:00,
9crBnxb6ZT4,False,0,,,,[],2026-08-01T14:22:46+00:00,
bvM_F52r37c,False,0,,,,[],2026-08-01T14:22:50+00:00,
ra4-H-S5D_4,False,0,,,,[],2026-08-01T14:22:54+00:00,
qrl9Z8YD1SI,False,0,,,,[],2026-08-01T14:22:58+00:00,
TIgUl9q5mLQ,False,0,,,,[],2026-08-01T14:23:03+00:00,
vRC3QrYvYrI,False,0,,,,[],2026-08-01T14:23:07+00:00,
yhXKkn32Tas,False,0,,,,[],2026-08-01T14:23:11+00:00,
Rz_OeXNrwK8,False,0,,,,[],2026-08-01T14:23:15+00:00,
rIjitrYUx1w,False,0,,,,[],2026-08-01T14:23:19+00:00,
GKeu9-TH9mE,False,0,,,,[],2026-08-01T14:23:22+00:00,
qbCuYAk4zQM,False,0,,,,[],2026-08-01T14:23:25+00:00,
ha7-kzr1FLA,False,0,,,,[],2026-08-01T14:23:28+00:00,
eiHo5qDQqiM,False,0,,,,[],2026-08-01T14:23:33+00:00,
U9PQjYKETKs,False,0,,,,[],2026-08-01T14:23:38+00:00,
6038Y198Rxg,False,0,,,,[],2026-08-01T14:23:43+00:00,
7B4T8FLXXJs,False,0,,,,[],2026-08-01T14:23:47+00:00,
TaKlYeV6i8c,False,0,,,,[],2026-08-01T14:23:53+00:00,
0vhomjPY064,False,0,,,,[],2026-08-01T14:23:58+00:00,
D1-SuteQWMs,False,0,,,,[],2026-08-01T14:24:03+00:00,
GyOPHcnzy3M,False,0,,,,[],2026-08-01T14:24:08+00:00,
2ZNH4fu4YoA,False,0,,,,[],2026-08-01T14:24:13+00:00,
w1FPRUO_on4,False,0,,,,[],2026-08-01T14:24:17+00:00,
31-baXiIagE,True,1,Suggested by UMG,Charles Aznavour - Noël à Paris (Official Christmas Music Video),xP8wXUiMTZQ,"[{""label"": ""Suggested by UMG"", ""values"": [""Charles Aznavour - Noël à Paris (Official Christmas Music Video)""], ""video_ids"": [""xP8wXUiMTZQ""]}]",2026-08-01T14:24:22+00:00,
3lZpdy48GFI,False,0,,,,[],2026-08-01T14:24:27+00:00,
LTjzI3_hPaY,True,1,Suggested by SME,Beyoncé - Crazy In Love ft. JAY Z,ViwtNLUqkMY,"[{""label"": ""Suggested by SME"", ""values"": [""Beyoncé - Crazy In Love ft. JAY Z""], ""video_ids"": [""ViwtNLUqkMY""]}]",2026-08-01T14:24:32+00:00,
OA0SBQc8LcY,False,0,,,,[],2026-08-01T14:24:37+00:00,
QMH1oz2EoVg,False,0,,,,[],2026-08-01T14:24:42+00:00,
UsrYsIlRla8,False,0,,,,[],2026-08-01T14:24:47+00:00,
YoGuj76WvJI,False,0,,,,[],2026-08-01T14:24:52+00:00,
yDCiy6d_AoI,False,0,,,,[],2026-08-01T14:24:57+00:00,
9K9gMmUjG88,False,0,,,,[],2026-08-01T14:25:02+00:00,
SG5_AtifkaE,False,0,,,,[],2026-08-01T14:25:09+00:00,
g8o0K9ajzsQ,False,0,,,,[],2026-08-01T14:25:15+00:00,
YGHF0z6vcfg,False,0,,,,[],2026-08-01T14:25:19+00:00,
oewiZYAGujY,False,0,,,,[],2026-08-01T14:25:25+00:00,
JfDA604ztNw,False,0,,,,[],2026-08-01T14:25:30+00:00,
BKzC7Ph5FxM,False,0,,,,[],2026-08-01T14:25:35+00:00,
XVCfkSZnTLE,False,0,,,,[],2026-08-01T14:25:41+00:00,
oLDjVa73B4o,False,0,,,,[],2026-08-01T14:25:45+00:00,
XTx8271LtQo,False,0,,,,[],2026-08-01T14:25:50+00:00,
hxad0XaMleI,False,0,,,,[],2026-08-01T14:25:55+00:00,
2ORSbLAP2hY,False,0,,,,[],2026-08-01T14:26:00+00:00,
Pc5yHdc127k,False,0,,,,[],2026-08-01T14:26:06+00:00,
N6GbyLhKZ70,False,0,,,,[],2026-08-01T14:26:11+00:00,
xFKrPTRGLjU,False,0,,,,[],2026-08-01T14:26:16+00:00,
dfwG8k21KPM,False,0,,,,[],2026-08-01T14:26:21+00:00,
eGBMeksUdew,False,0,,,,[],2026-08-01T14:26:26+00:00,
L3dPl0iBJ3g,False,0,,,,[],2026-08-01T14:26:31+00:00,
zSpHDA3CpKw,False,0,,,,[],2026-08-01T14:26:37+00:00,
h01gWxW9VsU,False,0,,,,[],2026-08-01T14:26:42+00:00,
fRBQxWaVbpc,False,0,,,,[],2026-08-01T14:26:47+00:00,
Ms5nwhVCWoI,True,1,Suggested by UMG,"Vanesa Martín, Camilo - Maldita Mudanza (Video Oficial)",5g87Q-AY-6w,"[{""label"": ""Suggested by UMG"", ""values"": [""Vanesa Martín, Camilo - Maldita Mudanza (Video Oficial)""], ""video_ids"": [""5g87Q-AY-6w""]}]",2026-08-01T14:26:53+00:00,
lAeG87Rui7M,False,0,,,,[],2026-08-01T14:26:58+00:00,
4ho-TLZy3xM,False,0,,,,[],2026-08-01T14:27:04+00:00,
nGjL-1Me690,False,0,,,,[],2026-08-01T14:27:11+00:00,
NLoJXXo_cSw,False,0,,,,[],2026-08-01T14:27:16+00:00,
dkq3yuvyeTs,False,0,,,,[],2026-08-01T14:27:21+00:00,
vwaCjXU4Neg,False,0,,,,[],2026-08-01T14:27:26+00:00,
ZFZSmw37k54,False,0,,,,[],2026-08-01T14:27:32+00:00,
ROhyVWLJYbU,False,0,,,,[],2026-08-01T14:27:37+00:00,
4g1UEAON4-0,False,0,,,,[],2026-08-01T14:27:42+00:00,
gPuUvFuvaUw,False,0,,,,[],2026-08-01T14:27:47+00:00,
8FNynS9GoAs,False,0,,,,[],2026-08-01T14:27:52+00:00,
A8_n7aME-yM,False,0,,,,[],2026-08-01T14:27:57+00:00,
9fCZPyVaTgI,False,0,,,,[],2026-08-01T14:28:02+00:00,
ebNV8X33pB0,False,0,,,,[],2026-08-01T14:28:07+00:00,
PU3ourr4rKA,False,0,,,,[],2026-08-01T14:28:13+00:00,
uavewh7X7vk,False,0,,,,[],2026-08-01T14:28:18+00:00,
fNXg8Cs7ifY,False,0,,,,[],2026-08-01T14:28:22+00:00,
rErcpknoD_4,False,0,,,,[],2026-08-01T14:28:28+00:00,
-jCLqYZVTFQ,False,0,,,,[],2026-08-01T14:28:32+00:00,
vDjc8pWoNnw,False,0,,,,[],2026-08-01T14:28:37+00:00,
KK74n_-aNMc,False,0,,,,[],2026-08-01T14:28:41+00:00,
GYewdqQfAws,False,0,,,,[],2026-08-01T14:28:46+00:00,
82r9vHp8k0Y,False,0,,,,[],2026-08-01T14:28:51+00:00,
BCDNaGGDjAY,False,0,,,,[],2026-08-01T14:28:55+00:00,
UhyVa3nczbg,False,0,,,,[],2026-08-01T14:29:00+00:00,
IsgF4_C3xjY,False,0,,,,[],2026-08-01T14:29:04+00:00,
KhxmtcSkGsY,False,0,,,,[],2026-08-01T14:29:08+00:00,
bHv-5tqagpU,False,0,,,,[],2026-08-01T14:29:13+00:00,
y1yeDFDTxy4,False,0,,,,[],2026-08-01T14:29:17+00:00,
MBVthmBUQVg,False,0,,,,[],2026-08-01T14:29:22+00:00,
28WMu33SaYY,False,0,,,,[],2026-08-01T14:29:26+00:00,
VZcxFrT4BKk,False,0,,,,[],2026-08-01T14:29:31+00:00,
2gZ-NK4GJZY,False,0,,,,[],2026-08-01T14:29:36+00:00,
5RRWJBCoZ-E,False,0,,,,[],2026-08-01T14:29:41+00:00,
6ugcn6nGbek,False,0,,,,[],2026-08-01T14:29:45+00:00,
aUAgkYQ9usg,False,0,,,,[],2026-08-01T14:29:50+00:00,
lp8MI6ZnwhM,False,0,,,,[],2026-08-01T14:29:54+00:00,
yFLpnsZX3OI,False,0,,,,[],2026-08-01T14:29:59+00:00,
hp0U2719O0A,False,0,,,,[],2026-08-01T14:30:03+00:00,
